salt type,salinity (mol/kg),temperature(K),pressure (MPa),X (mol/kg),log (P),log(T)
0,0,298,0.0980665,0.033,-1.008479324,2.474216264
0,0,298,2.0005566,0.605,0.301150843,2.474216264
0,0,298,4.0011132,1.049,0.602180839,2.474216264
0,0,298,6.0016698,1.349,0.778272098,2.474216264
0,0,298,8.0022264,1.395,0.903210834,2.474216264
0,0,298,10.002783,1.426,1.000120847,2.474216264
0,0,298,13.34685065,1.476,1.125378801,2.474216264
0,0,298,15.34740725,1.504,1.186035017,2.474216264
0,0,298,16.68111165,1.522,1.222224989,2.474216264
0,0,298,18.68166825,1.549,1.271415656,2.474216264
0,0,333,0.0980665,0.0137,-1.008479324,2.522444234
0,0,333,2.0005566,0.3149,0.301150843,2.522444234
0,0,333,4.0011132,0.572,0.602180839,2.522444234
0,0,333,6.0016698,0.7754,0.778272098,2.522444234
0,0,333,8.0022264,0.929,0.903210834,2.522444234
0,0,333,10.002783,1.04,1.000120847,2.522444234
0,0,333,13.34685065,1.144,1.125378801,2.522444234
0,0,333,15.34740725,1.174,1.186035017,2.522444234
0,0,333,16.68111165,1.193,1.222224989,2.522444234
0,0,333,18.68166825,1.221,1.271415656,2.522444234
0,0,353,0.0980665,0.007,-1.008479324,2.547774705
0,0,353,2.0005566,0.245,0.301150843,2.547774705
0,0,353,4.0011132,0.455,0.602180839,2.547774705
0,0,353,6.0016698,0.6302,0.778272098,2.547774705
0,0,353,8.0022264,0.7718,0.903210834,2.547774705
0,0,353,10.002783,0.8841,1.000120847,2.547774705
0,0,353,13.34685065,1.007,1.125378801,2.547774705
0,0,353,15.34740725,1.064,1.186035017,2.547774705
0,0,353,16.68111165,1.097,1.222224989,2.547774705
0,0,353,18.68166825,1.14,1.271415656,2.547774705
0,0,373,0.0980665,0,-1.008479324,2.571708832
0,0,373,2.0005566,0.2027,0.301150843,2.571708832
0,0,373,4.0011132,0.3873,0.602180839,2.571708832
0,0,373,6.0016698,0.545,0.778272098,2.571708832
0,0,373,8.0022264,0.679,0.903210834,2.571708832
0,0,373,10.002783,0.7917,1.000120847,2.571708832
0,0,373,13.34685065,0.9378,1.125378801,2.571708832
0,0,373,15.34740725,1.004,1.186035017,2.571708832
0,0,373,16.68111165,1.037,1.222224989,2.571708832
0,0,373,18.68166825,1.089,1.271415656,2.571708832
NaCl,0.017111567,298,0.0980665,0.0325,-1.008479324,2.474216264
NaCl,0.017111567,298,2.0005566,0.592,0.301150843,2.474216264
NaCl,0.017111567,298,4.0011132,1.045,0.602180839,2.474216264
NaCl,0.017111567,298,6.0016698,1.344,0.778272098,2.474216264
NaCl,0.017111567,298,8.0022264,1.389,0.903210834,2.474216264
NaCl,0.017111567,298,10.002783,1.421,1.000120847,2.474216264
NaCl,0.017111567,298,13.34685065,1.47,1.125378801,2.474216264
NaCl,0.017111567,298,15.34740725,1.498,1.186035017,2.474216264
NaCl,0.017111567,298,16.68111165,1.524,1.222224989,2.474216264
NaCl,0.017111567,298,18.68166825,1.543,1.271415656,2.474216264
NaCl,0.171115674,298,0.0980665,0.031,-1.008479324,2.474216264
NaCl,0.171115674,298,2.0005566,0.597,0.301150843,2.474216264
NaCl,0.171115674,298,4.0011132,1.013,0.602180839,2.474216264
NaCl,0.171115674,298,6.0016698,1.296,0.778272098,2.474216264
NaCl,0.171115674,298,8.0022264,1.341,0.903210834,2.474216264
NaCl,0.171115674,298,10.002783,1.372,1.000120847,2.474216264
NaCl,0.171115674,298,13.34685065,1.42,1.125378801,2.474216264
NaCl,0.171115674,298,15.34740725,1.446,1.186035017,2.474216264
NaCl,0.171115674,298,16.68111165,1.464,1.222224989,2.474216264
NaCl,0.171115674,298,18.68166825,1.489,1.271415656,2.474216264
NaCl,0.256673511,298,0.0980665,0.031,-1.008479324,2.474216264
NaCl,0.256673511,298,2.0005566,0.586,0.301150843,2.474216264
NaCl,0.256673511,298,4.0011132,0.994,0.602180839,2.474216264
NaCl,0.256673511,298,6.0016698,1.274,0.778272098,2.474216264
NaCl,0.256673511,298,8.0022264,1.316,0.903210834,2.474216264
NaCl,0.256673511,298,10.002783,1.346,1.000120847,2.474216264
NaCl,0.256673511,298,13.34685065,1.393,1.125378801,2.474216264
NaCl,0.256673511,298,15.34740725,1.419,1.186035017,2.474216264
NaCl,0.256673511,298,16.68111165,1.441,1.222224989,2.474216264
NaCl,0.256673511,298,18.68166825,1.462,1.271415656,2.474216264
NaCl,0.256673511,298,19.6133,1.474,1.292550671,2.474216264
NaCl,0.017111567,333,0.0980665,0.014,-1.008479324,2.522444234
NaCl,0.017111567,333,2.0005566,0.308,0.301150843,2.522444234
NaCl,0.017111567,333,4.0011132,0.561,0.602180839,2.522444234
NaCl,0.017111567,333,6.0016698,0.772,0.778272098,2.522444234
NaCl,0.017111567,333,8.0022264,0.924,0.903210834,2.522444234
NaCl,0.017111567,333,10.002783,1.037,1.000120847,2.522444234
NaCl,0.017111567,333,13.34685065,1.14,1.125378801,2.522444234
NaCl,0.017111567,333,15.34740725,1.169,1.186035017,2.522444234
NaCl,0.017111567,333,16.68111165,1.189,1.222224989,2.522444234
NaCl,0.017111567,333,18.68166825,1.216,1.271415656,2.522444234
NaCl,0.171115674,333,0.0980665,0.013,-1.008479324,2.522444234
NaCl,0.171115674,333,2.0005566,0.304,0.301150843,2.522444234
NaCl,0.171115674,333,4.0011132,0.549,0.602180839,2.522444234
NaCl,0.171115674,333,6.0016698,0.751,0.778272098,2.522444234
NaCl,0.171115674,333,8.0022264,0.896,0.903210834,2.522444234
NaCl,0.171115674,333,10.002783,1.004,1.000120847,2.522444234
NaCl,0.171115674,333,13.34685065,1.104,1.125378801,2.522444234
NaCl,0.171115674,333,15.34740725,1.133,1.186035017,2.522444234
NaCl,0.171115674,333,16.68111165,1.151,1.222224989,2.522444234
NaCl,0.256673511,333,0.0980665,0.013,-1.008479324,2.522444234
NaCl,0.256673511,333,2.0005566,0.307,0.301150843,2.522444234
NaCl,0.256673511,333,4.0011132,0.543,0.602180839,2.522444234
NaCl,0.256673511,333,6.0016698,0.749,0.778272098,2.522444234
NaCl,0.256673511,333,8.0022264,0.883,0.903210834,2.522444234
NaCl,0.256673511,333,10.002783,0.989,1.000120847,2.522444234
NaCl,0.256673511,333,13.34685065,1.086,1.125378801,2.522444234
NaCl,0.256673511,333,15.34740725,1.113,1.186035017,2.522444234
NaCl,0.256673511,333,16.68111165,1.132,1.222224989,2.522444234
NaCl,0.256673511,333,18.68166825,1.157,1.271415656,2.522444234
NaCl,0.256673511,333,19.6133,1.17,1.292550671,2.522444234
NaCl,0.017111567,353,0.0980665,0.007,-1.008479324,2.547774705
NaCl,0.017111567,353,2.0005566,0.244,0.301150843,2.547774705
NaCl,0.017111567,353,4.0011132,0.452,0.602180839,2.547774705
NaCl,0.017111567,353,6.0016698,0.629,0.778272098,2.547774705
NaCl,0.017111567,353,8.0022264,0.767,0.903210834,2.547774705
NaCl,0.017111567,353,10.002783,0.877,1.000120847,2.547774705
NaCl,0.017111567,353,13.34685065,1.005,1.125378801,2.547774705
NaCl,0.017111567,353,15.34740725,1.06,1.186035017,2.547774705
NaCl,0.017111567,353,16.68111165,1.094,1.222224989,2.547774705
NaCl,0.017111567,353,18.68166825,1.136,1.271415656,2.547774705
NaCl,0.171115674,353,0.0980665,0.008,-1.008479324,2.547774705
NaCl,0.171115674,353,2.0005566,0.233,0.301150843,2.547774705
NaCl,0.171115674,353,4.0011132,0.434,0.602180839,2.547774705
NaCl,0.171115674,353,6.0016698,0.608,0.778272098,2.547774705
NaCl,0.171115674,353,8.0022264,0.841,0.903210834,2.547774705
NaCl,0.171115674,353,10.002783,0.849,1.000120847,2.547774705
NaCl,0.171115674,353,13.34685065,0.973,1.125378801,2.547774705
NaCl,0.171115674,353,15.34740725,1.026,1.186035017,2.547774705
NaCl,0.171115674,353,16.68111165,1.059,1.222224989,2.547774705
NaCl,0.171115674,353,18.68166825,1.099,1.271415656,2.547774705
NaCl,0.256673511,353,0.0980665,0.006,-1.008479324,2.547774705
NaCl,0.256673511,353,2.0005566,0.239,0.301150843,2.547774705
NaCl,0.256673511,353,4.0011132,0.433,0.602180839,2.547774705
NaCl,0.256673511,353,6.0016698,0.607,0.778272098,2.547774705
NaCl,0.256673511,353,8.0022264,0.734,0.903210834,2.547774705
NaCl,0.256673511,353,10.002783,0.835,1.000120847,2.547774705
NaCl,0.256673511,353,13.34685065,0.958,1.125378801,2.547774705
NaCl,0.256673511,353,15.34740725,1.011,1.186035017,2.547774705
NaCl,0.256673511,353,16.68111165,1.041,1.222224989,2.547774705
NaCl,0.256673511,353,18.68166825,1.0821,1.271415656,2.547774705
NaCl,0.256673511,353,19.6133,1.098,1.292550671,2.547774705
NaCl,0.017111567,373,0.0980665,0,-1.008479324,2.571708832
NaCl,0.017111567,373,2.0005566,0.198,0.301150843,2.571708832
NaCl,0.017111567,373,4.0011132,0.385,0.602180839,2.571708832
NaCl,0.017111567,373,6.0016698,0.547,0.778272098,2.571708832
NaCl,0.017111567,373,8.0022264,0.679,0.903210834,2.571708832
NaCl,0.017111567,373,10.002783,0.788,1.000120847,2.571708832
NaCl,0.017111567,373,13.34685065,0.934,1.125378801,2.571708832
NaCl,0.017111567,373,15.34740725,0.999,1.186035017,2.571708832
NaCl,0.017111567,373,16.68111165,1.03,1.222224989,2.571708832
NaCl,0.017111567,373,18.68166825,1.084,1.271415656,2.571708832
NaCl,0.171115674,373,0.0980665,0,-1.008479324,2.571708832
NaCl,0.171115674,373,2.0005566,0.202,0.301150843,2.571708832
NaCl,0.171115674,373,4.0011132,0.369,0.602180839,2.571708832
NaCl,0.171115674,373,6.0016698,0.526,0.778272098,2.571708832
NaCl,0.171115674,373,8.0022264,0.653,0.903210834,2.571708832
NaCl,0.171115674,373,10.002783,0.76,1.000120847,2.571708832
NaCl,0.171115674,373,13.34685065,0.905,1.125378801,2.571708832
NaCl,0.171115674,373,15.34740725,0.968,1.186035017,2.571708832
NaCl,0.171115674,373,16.68111165,1.001,1.222224989,2.571708832
NaCl,0.171115674,373,18.68166825,1.05,1.271415656,2.571708832
NaCl,0.256673511,373,0.0980665,0,-1.008479324,2.571708832
NaCl,0.256673511,373,2.0005566,0.198,0.301150843,2.571708832
NaCl,0.256673511,373,4.0011132,0.37,0.602180839,2.571708832
NaCl,0.256673511,373,6.0016698,0.517,0.778272098,2.571708832
NaCl,0.256673511,373,8.0022264,0.642,0.903210834,2.571708832
NaCl,0.256673511,373,10.002783,0.751,1.000120847,2.571708832
NaCl,0.256673511,373,13.34685065,0.9,1.125378801,2.571708832
NaCl,0.256673511,373,15.34740725,0.9513,1.186035017,2.571708832
NaCl,0.256673511,373,16.68111165,0.9835,1.222224989,2.571708832
NaCl,0.256673511,373,18.68166825,1.031,1.271415656,2.571708832
NaCl,0.256673511,373,19.6133,1.05,1.292550671,2.571708832
MgCl2,0.010502988,298,0.0980665,0.033,-1.008479324,2.474216264
MgCl2,0.010502988,298,2.0005566,0.596,0.301150843,2.474216264
MgCl2,0.010502988,298,4.0011132,1.29,0.602180839,2.474216264
MgCl2,0.010502988,298,6.0016698,1.346,0.778272098,2.474216264
MgCl2,0.010502988,298,8.0022264,1.389,0.903210834,2.474216264
MgCl2,0.010502988,298,10.002783,1.423,1.000120847,2.474216264
MgCl2,0.010502988,298,13.34685065,1.473,1.125378801,2.474216264
MgCl2,0.010502988,298,15.34740725,1.501,1.186035017,2.474216264
MgCl2,0.010502988,298,16.68111165,1.521,1.222224989,2.474216264
MgCl2,0.010502988,298,18.68166825,1.545,1.271415656,2.474216264
MgCl2,0.105029881,298,0.0980665,0.032,-1.008479324,2.474216264
MgCl2,0.105029881,298,2.0005566,0.588,0.301150843,2.474216264
MgCl2,0.105029881,298,4.0011132,1.026,0.602180839,2.474216264
MgCl2,0.105029881,298,6.0016698,1.315,0.778272098,2.474216264
MgCl2,0.105029881,298,8.0022264,1.351,0.903210834,2.474216264
MgCl2,0.105029881,298,10.002783,1.397,1.000120847,2.474216264
MgCl2,0.105029881,298,13.34685065,1.425,1.125378801,2.474216264
MgCl2,0.105029881,298,15.34740725,1.471,1.186035017,2.474216264
MgCl2,0.105029881,298,16.68111165,1.498,1.222224989,2.474216264
MgCl2,0.105029881,298,18.68166825,1.5143,1.271415656,2.474216264
MgCl2,0.157544822,298,0.0980665,0.032,-1.008479324,2.474216264
MgCl2,0.157544822,298,2.0005566,0.579,0.301150843,2.474216264
MgCl2,0.157544822,298,4.0011132,1.013,0.602180839,2.474216264
MgCl2,0.157544822,298,6.0016698,1.305,0.778272098,2.474216264
MgCl2,0.157544822,298,8.0022264,1.345,0.903210834,2.474216264
MgCl2,0.157544822,298,10.002783,1.387,1.000120847,2.474216264
MgCl2,0.157544822,298,13.34685065,1.411,1.125378801,2.474216264
MgCl2,0.157544822,298,15.34740725,1.454,1.186035017,2.474216264
MgCl2,0.157544822,298,16.68111165,1.495,1.222224989,2.474216264
MgCl2,0.157544822,298,18.68166825,1.497,1.271415656,2.474216264
MgCl2,0.010502988,333,0.0980665,0.014,-1.008479324,2.522444234
MgCl2,0.010502988,333,2.0005566,0.314,0.301150843,2.522444234
MgCl2,0.010502988,333,4.0011132,0.511,0.602180839,2.522444234
MgCl2,0.010502988,333,6.0016698,0.773,0.778272098,2.522444234
MgCl2,0.010502988,333,8.0022264,1.008,0.903210834,2.522444234
MgCl2,0.010502988,333,10.002783,1.038,1.000120847,2.522444234
MgCl2,0.010502988,333,13.34685065,1.13,1.125378801,2.522444234
MgCl2,0.010502988,333,15.34740725,1.17,1.186035017,2.522444234
MgCl2,0.010502988,333,16.68111165,1.19,1.222224989,2.522444234
MgCl2,0.010502988,333,18.68166825,1.217,1.271415656,2.522444234
MgCl2,0.105029881,333,0.0980665,0.013,-1.008479324,2.522444234
MgCl2,0.105029881,333,2.0005566,0.308,0.301150843,2.522444234
MgCl2,0.105029881,333,4.0011132,0.561,0.602180839,2.522444234
MgCl2,0.105029881,333,6.0016698,0.755,0.778272098,2.522444234
MgCl2,0.105029881,333,8.0022264,0.91,0.903210834,2.522444234
MgCl2,0.105029881,333,10.002783,1.112,1.000120847,2.522444234
MgCl2,0.105029881,333,13.34685065,1.34,1.125378801,2.522444234
MgCl2,0.105029881,333,15.34740725,1.149,1.186035017,2.522444234
MgCl2,0.105029881,333,16.68111165,1.161,1.222224989,2.522444234
MgCl2,0.105029881,333,18.68166825,1.184,1.271415656,2.522444234
MgCl2,0.157544822,333,0.0980665,0.013,-1.008479324,2.522444234
MgCl2,0.157544822,333,2.0005566,0.3054,0.301150843,2.522444234
MgCl2,0.157544822,333,4.0011132,0.555,0.602180839,2.522444234
MgCl2,0.157544822,333,6.0016698,0.748,0.778272098,2.522444234
MgCl2,0.157544822,333,8.0022264,0.902,0.903210834,2.522444234
MgCl2,0.157544822,333,10.002783,0.101,1.000120847,2.522444234
MgCl2,0.157544822,333,13.34685065,1.109,1.125378801,2.522444234
MgCl2,0.157544822,333,15.34740725,1.147,1.186035017,2.522444234
MgCl2,0.157544822,333,16.68111165,1.156,1.222224989,2.522444234
MgCl2,0.157544822,333,18.68166825,1.182,1.271415656,2.522444234
MgCl2,0.010502988,353,0.0980665,0.007,-1.008479324,2.547774705
MgCl2,0.010502988,353,2.0005566,0.24,0.301150843,2.547774705
MgCl2,0.010502988,353,4.0011132,0.455,0.602180839,2.547774705
MgCl2,0.010502988,353,6.0016698,0.591,0.778272098,2.547774705
MgCl2,0.010502988,353,8.0022264,0.77,0.903210834,2.547774705
MgCl2,0.010502988,353,10.002783,0.882,1.000120847,2.547774705
MgCl2,0.010502988,353,13.34685065,1.007,1.125378801,2.547774705
MgCl2,0.010502988,353,15.34740725,1.062,1.186035017,2.547774705
MgCl2,0.010502988,353,16.68111165,1.095,1.222224989,2.547774705
MgCl2,0.010502988,353,18.68166825,1.137,1.271415656,2.547774705
MgCl2,0.105029881,353,0.0980665,0.008,-1.008479324,2.547774705
MgCl2,0.105029881,353,2.0005566,0.171,0.301150843,2.547774705
MgCl2,0.105029881,353,4.0011132,0.447,0.602180839,2.547774705
MgCl2,0.105029881,353,6.0016698,0.625,0.778272098,2.547774705
MgCl2,0.105029881,353,8.0022264,0.756,0.903210834,2.547774705
MgCl2,0.105029881,353,10.002783,0.871,1.000120847,2.547774705
MgCl2,0.105029881,353,13.34685065,0.987,1.125378801,2.547774705
MgCl2,0.105029881,353,15.34740725,1.028,1.186035017,2.547774705
MgCl2,0.105029881,353,16.68111165,1.074,1.222224989,2.547774705
MgCl2,0.105029881,353,18.68166825,1.116,1.271415656,2.547774705
MgCl2,0.157544822,353,0.0980665,0.007,-1.008479324,2.547774705
MgCl2,0.157544822,353,2.0005566,0.168,0.301150843,2.547774705
MgCl2,0.157544822,353,4.0011132,0.444,0.602180839,2.547774705
MgCl2,0.157544822,353,6.0016698,0.611,0.778272098,2.547774705
MgCl2,0.157544822,353,8.0022264,0.753,0.903210834,2.547774705
MgCl2,0.157544822,353,10.002783,0.868,1.000120847,2.547774705
MgCl2,0.157544822,353,13.34685065,0.977,1.125378801,2.547774705
MgCl2,0.157544822,353,15.34740725,1.0115,1.186035017,2.547774705
MgCl2,0.157544822,353,16.68111165,1.065,1.222224989,2.547774705
MgCl2,0.157544822,353,18.68166825,1.113,1.271415656,2.547774705
MgCl2,0.010502988,373,0.0980665,0,-1.008479324,2.571708832
MgCl2,0.010502988,373,2.0005566,0.202,0.301150843,2.571708832
MgCl2,0.010502988,373,4.0011132,0.386,0.602180839,2.571708832
MgCl2,0.010502988,373,6.0016698,0.544,0.778272098,2.571708832
MgCl2,0.010502988,373,8.0022264,0.491,0.903210834,2.571708832
MgCl2,0.010502988,373,10.002783,0.79,1.000120847,2.571708832
MgCl2,0.010502988,373,13.34685065,0.935,1.125378801,2.571708832
MgCl2,0.010502988,373,15.34740725,1.001,1.186035017,2.571708832
MgCl2,0.010502988,373,16.68111165,1.034,1.222224989,2.571708832
MgCl2,0.010502988,373,18.68166825,1.086,1.271415656,2.571708832
MgCl2,0.105029881,373,0.0980665,0,-1.008479324,2.571708832
MgCl2,0.105029881,373,2.0005566,0.202,0.301150843,2.571708832
MgCl2,0.105029881,373,4.0011132,0.369,0.602180839,2.571708832
MgCl2,0.105029881,373,6.0016698,0.535,0.778272098,2.571708832
MgCl2,0.105029881,373,8.0022264,0.653,0.903210834,2.571708832
MgCl2,0.105029881,373,10.002783,0.776,1.000120847,2.571708832
MgCl2,0.105029881,373,13.34685065,0.905,1.125378801,2.571708832
MgCl2,0.105029881,373,15.34740725,0.986,1.186035017,2.571708832
MgCl2,0.105029881,373,16.68111165,1.016,1.222224989,2.571708832
MgCl2,0.105029881,373,18.68166825,1.066,1.271415656,2.571708832
MgCl2,0.157544822,373,0.0980665,0,-1.008479324,2.571708832
MgCl2,0.157544822,373,2.0005566,0.197,0.301150843,2.571708832
MgCl2,0.157544822,373,4.0011132,0.433,0.602180839,2.571708832
MgCl2,0.157544822,373,6.0016698,0.511,0.778272098,2.571708832
MgCl2,0.157544822,373,8.0022264,0.66,0.903210834,2.571708832
MgCl2,0.157544822,373,10.002783,0.778,1.000120847,2.571708832
MgCl2,0.157544822,373,13.34685065,0.909,1.125378801,2.571708832
MgCl2,0.157544822,373,15.34740725,0.973,1.186035017,2.571708832
MgCl2,0.157544822,373,16.68111165,1.005,1.222224989,2.571708832
MgCl2,0.157544822,373,18.68166825,1.055,1.271415656,2.571708832
CaCl2,0.009010633,298,0.0980665,0.032,-1.008479324,2.474216264
CaCl2,0.009010633,298,2.0005566,0.603,0.301150843,2.474216264
CaCl2,0.009010633,298,4.0011132,1.30935,0.602180839,2.474216264
CaCl2,0.009010633,298,6.0016698,1.346,0.778272098,2.474216264
CaCl2,0.009010633,298,8.0022264,1.389,0.903210834,2.474216264
CaCl2,0.009010633,298,10.002783,1.423,1.000120847,2.474216264
CaCl2,0.009010633,298,13.34685065,1.475,1.125378801,2.474216264
CaCl2,0.009010633,298,15.34740725,1.505,1.186035017,2.474216264
CaCl2,0.009010633,298,16.68111165,1.525,1.222224989,2.474216264
CaCl2,0.009010633,298,18.68166825,1.545,1.271415656,2.474216264
CaCl2,0.090106325,298,0.0980665,0.032,-1.008479324,2.474216264
CaCl2,0.090106325,298,2.0005566,0.5918,0.301150843,2.474216264
CaCl2,0.090106325,298,4.0011132,1.06,0.602180839,2.474216264
CaCl2,0.090106325,298,6.0016698,1.319,0.778272098,2.474216264
CaCl2,0.090106325,298,8.0022264,1.352,0.903210834,2.474216264
CaCl2,0.090106325,298,10.002783,1.394,1.000120847,2.474216264
CaCl2,0.090106325,298,13.34685065,1.44,1.125378801,2.474216264
CaCl2,0.090106325,298,15.34740725,1.47,1.186035017,2.474216264
CaCl2,0.090106325,298,16.68111165,1.492,1.222224989,2.474216264
CaCl2,0.090106325,298,18.68166825,1.514,1.271415656,2.474216264
CaCl2,0.135159488,298,0.0980665,0.032,-1.008479324,2.474216264
CaCl2,0.135159488,298,2.0005566,0.5825,0.301150843,2.474216264
CaCl2,0.135159488,298,4.0011132,1.013,0.602180839,2.474216264
CaCl2,0.135159488,298,6.0016698,1.3085,0.778272098,2.474216264
CaCl2,0.135159488,298,8.0022264,1.3485,0.903210834,2.474216264
CaCl2,0.135159488,298,10.002783,1.3905,1.000120847,2.474216264
CaCl2,0.135159488,298,13.34685065,1.413,1.125378801,2.474216264
CaCl2,0.135159488,298,15.34740725,1.454,1.186035017,2.474216264
CaCl2,0.135159488,298,16.68111165,1.492,1.222224989,2.474216264
CaCl2,0.135159488,298,18.68166825,1.497,1.271415656,2.474216264
CaCl2,0.009010633,333,0.0980665,0.013,-1.008479324,2.522444234
CaCl2,0.009010633,333,2.0005566,0.314,0.301150843,2.522444234
CaCl2,0.009010633,333,4.0011132,0.511,0.602180839,2.522444234
CaCl2,0.009010633,333,6.0016698,0.773,0.778272098,2.522444234
CaCl2,0.009010633,333,8.0022264,1.009,0.903210834,2.522444234
CaCl2,0.009010633,333,10.002783,1.039,1.000120847,2.522444234
CaCl2,0.009010633,333,13.34685065,1.13,1.125378801,2.522444234
CaCl2,0.009010633,333,15.34740725,1.171,1.186035017,2.522444234
CaCl2,0.009010633,333,16.68111165,1.2,1.222224989,2.522444234
CaCl2,0.009010633,333,18.68166825,1.218,1.271415656,2.522444234
CaCl2,0.090106325,333,0.0980665,0.013,-1.008479324,2.522444234
CaCl2,0.090106325,333,2.0005566,0.308,0.301150843,2.522444234
CaCl2,0.090106325,333,4.0011132,0.561,0.602180839,2.522444234
CaCl2,0.090106325,333,6.0016698,0.76,0.778272098,2.522444234
CaCl2,0.090106325,333,8.0022264,0.91,0.903210834,2.522444234
CaCl2,0.090106325,333,10.002783,1.113,1.000120847,2.522444234
CaCl2,0.090106325,333,13.34685065,1.12,1.125378801,2.522444234
CaCl2,0.090106325,333,15.34740725,1.148,1.186035017,2.522444234
CaCl2,0.090106325,333,16.68111165,1.168,1.222224989,2.522444234
CaCl2,0.090106325,333,18.68166825,1.211,1.271415656,2.522444234
CaCl2,0.135159488,333,0.0980665,0.013,-1.008479324,2.522444234
CaCl2,0.135159488,333,2.0005566,0.305,0.301150843,2.522444234
CaCl2,0.135159488,333,4.0011132,0.556,0.602180839,2.522444234
CaCl2,0.135159488,333,6.0016698,0.747,0.778272098,2.522444234
CaCl2,0.135159488,333,8.0022264,0.901,0.903210834,2.522444234
CaCl2,0.135159488,333,10.002783,1.388,1.000120847,2.522444234
CaCl2,0.135159488,333,13.34685065,1.412,1.125378801,2.522444234
CaCl2,0.135159488,333,15.34740725,1.146,1.186035017,2.522444234
CaCl2,0.135159488,333,16.68111165,1.156,1.222224989,2.522444234
CaCl2,0.135159488,333,18.68166825,1.183,1.271415656,2.522444234
CaCl2,0.009010633,353,0.0980665,0.007,-1.008479324,2.547774705
CaCl2,0.009010633,353,2.0005566,0.21,0.301150843,2.547774705
CaCl2,0.009010633,353,4.0011132,0.455,0.602180839,2.547774705
CaCl2,0.009010633,353,6.0016698,0.591,0.778272098,2.547774705
CaCl2,0.009010633,353,8.0022264,0.7702,0.903210834,2.547774705
CaCl2,0.009010633,353,10.002783,0.8823,1.000120847,2.547774705
CaCl2,0.009010633,353,13.34685065,1.011,1.125378801,2.547774705
CaCl2,0.009010633,353,15.34740725,1.066,1.186035017,2.547774705
CaCl2,0.009010633,353,16.68111165,1.099,1.222224989,2.547774705
CaCl2,0.009010633,353,18.68166825,1.139,1.271415656,2.547774705
CaCl2,0.090106325,353,0.0980665,0.007,-1.008479324,2.547774705
CaCl2,0.090106325,353,2.0005566,0.203,0.301150843,2.547774705
CaCl2,0.090106325,353,4.0011132,0.423,0.602180839,2.547774705
CaCl2,0.090106325,353,6.0016698,0.617,0.778272098,2.547774705
CaCl2,0.090106325,353,8.0022264,0.756,0.903210834,2.547774705
CaCl2,0.090106325,353,13.34685065,0.987,1.125378801,2.547774705
CaCl2,0.090106325,353,15.34740725,1.033,1.186035017,2.547774705
CaCl2,0.090106325,353,16.68111165,1.075,1.222224989,2.547774705
CaCl2,0.090106325,353,18.68166825,1.117,1.271415656,2.547774705
CaCl2,0.135159488,353,0.0980665,0.007,-1.008479324,2.547774705
CaCl2,0.135159488,353,2.0005566,0.167,0.301150843,2.547774705
CaCl2,0.135159488,353,4.0011132,0.442,0.602180839,2.547774705
CaCl2,0.135159488,353,6.0016698,0.611,0.778272098,2.547774705
CaCl2,0.135159488,353,8.0022264,0.753,0.903210834,2.547774705
CaCl2,0.135159488,353,10.002783,0.858,1.000120847,2.547774705
CaCl2,0.135159488,353,13.34685065,0.978,1.125378801,2.547774705
CaCl2,0.135159488,353,15.34740725,1.032,1.186035017,2.547774705
CaCl2,0.135159488,353,16.68111165,1.065,1.222224989,2.547774705
CaCl2,0.135159488,353,18.68166825,1.113,1.271415656,2.547774705
CaCl2,0.009010633,373,0.0980665,0,-1.008479324,2.571708832
CaCl2,0.009010633,373,2.0005566,0.199,0.301150843,2.571708832
CaCl2,0.009010633,373,4.0011132,0.386,0.602180839,2.571708832
CaCl2,0.009010633,373,6.0016698,0.544,0.778272098,2.571708832
CaCl2,0.009010633,373,8.0022264,0.491,0.903210834,2.571708832
CaCl2,0.009010633,373,10.002783,0.79,1.000120847,2.571708832
CaCl2,0.009010633,373,13.34685065,0.935,1.125378801,2.571708832
CaCl2,0.009010633,373,15.34740725,1.001,1.186035017,2.571708832
CaCl2,0.009010633,373,16.68111165,1.04,1.222224989,2.571708832
CaCl2,0.009010633,373,18.68166825,1.091,1.271415656,2.571708832
CaCl2,0.090106325,373,0.0980665,0,-1.008479324,2.571708832
CaCl2,0.090106325,373,2.0005566,0.198,0.301150843,2.571708832
CaCl2,0.090106325,373,4.0011132,0.386,0.602180839,2.571708832
CaCl2,0.090106325,373,6.0016698,0.534,0.778272098,2.571708832
CaCl2,0.090106325,373,8.0022264,0.665,0.903210834,2.571708832
CaCl2,0.090106325,373,10.002783,0.775,1.000120847,2.571708832
CaCl2,0.090106325,373,13.34685065,0.88,1.125378801,2.571708832
CaCl2,0.090106325,373,15.34740725,0.983,1.186035017,2.571708832
CaCl2,0.090106325,373,16.68111165,1.015,1.222224989,2.571708832
CaCl2,0.090106325,373,18.68166825,1.064,1.271415656,2.571708832
CaCl2,0.135159488,373,0.0980665,0,-1.008479324,2.571708832
CaCl2,0.135159488,373,2.0005566,0.197,0.301150843,2.571708832
CaCl2,0.135159488,373,4.0011132,0.433,0.602180839,2.571708832
CaCl2,0.135159488,373,6.0016698,0.511,0.778272098,2.571708832
CaCl2,0.135159488,373,8.0022264,0.658,0.903210834,2.571708832
CaCl2,0.135159488,373,10.002783,0.77,1.000120847,2.571708832
CaCl2,0.135159488,373,13.34685065,0.91,1.125378801,2.571708832
CaCl2,0.135159488,373,15.34740725,0.973,1.186035017,2.571708832
CaCl2,0.135159488,373,16.68111165,1.005,1.222224989,2.571708832
CaCl2,0.135159488,373,18.68166825,1.055,1.271415656,2.571708832
CaCl2,0.009010633,373,0.0980665,0,-1.008479324,2.571708832
CaCl2,0.009010633,373,2.0005566,0.199,0.301150843,2.571708832
CaCl2,0.009010633,373,4.0011132,0.386,0.602180839,2.571708832
CaCl2,0.009010633,373,6.0016698,0.544,0.778272098,2.571708832
CaCl2,0.009010633,373,8.0022264,0.491,0.903210834,2.571708832
CaCl2,0.009010633,373,10.002783,0.79,1.000120847,2.571708832
CaCl2,0.009010633,373,13.34685065,0.935,1.125378801,2.571708832
CaCl2,0.009010633,373,15.34740725,1.001,1.186035017,2.571708832
CaCl2,0.009010633,373,16.68111165,1.04,1.222224989,2.571708832
CaCl2,0.009010633,373,18.68166825,1.091,1.271415656,2.571708832
CaCl2,0.090106325,373,0.0980665,0,-1.008479324,2.571708832
CaCl2,0.090106325,373,2.0005566,0.198,0.301150843,2.571708832
CaCl2,0.090106325,373,4.0011132,0.386,0.602180839,2.571708832
CaCl2,0.090106325,373,6.0016698,0.534,0.778272098,2.571708832
CaCl2,0.090106325,373,8.0022264,0.665,0.903210834,2.571708832
CaCl2,0.090106325,373,10.002783,0.775,1.000120847,2.571708832
CaCl2,0.090106325,373,13.34685065,0.88,1.125378801,2.571708832
CaCl2,0.090106325,373,15.34740725,0.983,1.186035017,2.571708832
CaCl2,0.090106325,373,16.68111165,1.015,1.222224989,2.571708832
CaCl2,0.090106325,373,18.68166825,1.064,1.271415656,2.571708832
CaCl2,0.135159488,373,0.0980665,0,-1.008479324,2.571708832
CaCl2,0.135159488,373,2.0005566,0.197,0.301150843,2.571708832
CaCl2,0.135159488,373,4.0011132,0.433,0.602180839,2.571708832
CaCl2,0.135159488,373,6.0016698,0.511,0.778272098,2.571708832
CaCl2,0.135159488,373,8.0022264,0.658,0.903210834,2.571708832
CaCl2,0.135159488,373,10.002783,0.77,1.000120847,2.571708832
CaCl2,0.135159488,373,13.34685065,0.91,1.125378801,2.571708832
CaCl2,0.135159488,373,15.34740725,0.973,1.186035017,2.571708832
CaCl2,0.135159488,373,16.68111165,1.005,1.222224989,2.571708832
CaCl2,0.135159488,373,18.68166825,1.055,1.271415656,2.571708832
mix,0.004849872,298,0.0980665,0.033,-1.008479324,2.474216264
mix,0.004849872,298,2.0005566,0.605,0.301150843,2.474216264
mix,0.004849872,298,4.0011132,1.31135,0.602180839,2.474216264
mix,0.004849872,298,6.0016698,1.348,0.778272098,2.474216264
mix,0.004849872,298,8.0022264,1.391,0.903210834,2.474216264
mix,0.004849872,298,10.002783,1.425,1.000120847,2.474216264
mix,0.004849872,298,13.34685065,1.477,1.125378801,2.474216264
mix,0.004849872,298,15.34740725,1.507,1.186035017,2.474216264
mix,0.004849872,298,16.68111165,1.527,1.222224989,2.474216264
mix,0.004849872,298,18.68166825,1.547,1.271415656,2.474216264
mix,0.048498722,298,0.0980665,0.032,-1.008479324,2.474216264
mix,0.048498722,298,2.0005566,0.612,0.301150843,2.474216264
mix,0.048498722,298,4.0011132,1.047,0.602180839,2.474216264
mix,0.048498722,298,6.0016698,1.314,0.778272098,2.474216264
mix,0.048498722,298,8.0022264,1.391,0.903210834,2.474216264
mix,0.048498722,298,10.002783,1.432,1.000120847,2.474216264
mix,0.048498722,298,13.34685065,1.473,1.125378801,2.474216264
mix,0.048498722,298,15.34740725,1.501,1.186035017,2.474216264
mix,0.048498722,298,16.68111165,1.519,1.222224989,2.474216264
mix,0.048498722,298,18.68166825,1.544,1.271415656,2.474216264
mix,0.072748083,298,0.0980665,0.032,-1.008479324,2.474216264
mix,0.072748083,298,2.0005566,0.612,0.301150843,2.474216264
mix,0.072748083,298,4.0011132,1.047,0.602180839,2.474216264
mix,0.072748083,298,6.0016698,1.314,0.778272098,2.474216264
mix,0.072748083,298,8.0022264,1.391,0.903210834,2.474216264
mix,0.072748083,298,10.002783,1.432,1.000120847,2.474216264
mix,0.072748083,298,13.34685065,1.473,1.125378801,2.474216264
mix,0.072748083,298,15.34740725,1.485,1.186035017,2.474216264
mix,0.072748083,298,16.68111165,1.519,1.222224989,2.474216264
mix,0.072748083,298,18.68166825,1.527,1.271415656,2.474216264
mix,0.004849872,333,0.0980665,0.137,-1.008479324,2.522444234
mix,0.004849872,333,2.0005566,0.316,0.301150843,2.522444234
mix,0.004849872,333,4.0011132,0.513,0.602180839,2.522444234
mix,0.004849872,333,6.0016698,0.775,0.778272098,2.522444234
mix,0.004849872,333,8.0022264,1.011,0.903210834,2.522444234
mix,0.004849872,333,10.002783,1.04,1.000120847,2.522444234
mix,0.004849872,333,13.34685065,1.132,1.125378801,2.522444234
mix,0.004849872,333,15.34740725,1.173,1.186035017,2.522444234
mix,0.004849872,333,18.68166825,1.22,1.271415656,2.522444234
mix,0.048498722,333,0.0980665,0.011,-1.008479324,2.522444234
mix,0.048498722,333,2.0005566,0.314,0.301150843,2.522444234
mix,0.048498722,333,4.0011132,0.5713,0.602180839,2.522444234
mix,0.048498722,333,6.0016698,0.773,0.778272098,2.522444234
mix,0.048498722,333,8.0022264,0.927,0.903210834,2.522444234
mix,0.048498722,333,10.002783,1.037,1.000120847,2.522444234
mix,0.048498722,333,13.34685065,1.151,1.125378801,2.522444234
mix,0.048498722,333,15.34740725,1.171,1.186035017,2.522444234
mix,0.048498722,333,16.68111165,1.19,1.222224989,2.522444234
mix,0.048498722,333,18.68166825,1.218,1.271415656,2.522444234
mix,0.072748083,333,0.0980665,0.011,-1.008479324,2.522444234
mix,0.072748083,333,2.0005566,0.314,0.301150843,2.522444234
mix,0.072748083,333,4.0011132,0.5713,0.602180839,2.522444234
mix,0.072748083,333,6.0016698,0.773,0.778272098,2.522444234
mix,0.072748083,333,8.0022264,0.927,0.903210834,2.522444234
mix,0.072748083,333,10.002783,1.037,1.000120847,2.522444234
mix,0.072748083,333,13.34685065,1.151,1.125378801,2.522444234
mix,0.072748083,333,15.34740725,1.171,1.186035017,2.522444234
mix,0.072748083,333,16.68111165,1.19,1.222224989,2.522444234
mix,0.072748083,333,18.68166825,1.218,1.271415656,2.522444234
mix,0.004849872,353,0.0980665,0.007,-1.008479324,2.547774705
mix,0.004849872,353,2.0005566,0.212,0.301150843,2.547774705
mix,0.004849872,353,4.0011132,0.457,0.602180839,2.547774705
mix,0.004849872,353,6.0016698,0.593,0.778272098,2.547774705
mix,0.004849872,353,8.0022264,0.7722,0.903210834,2.547774705
mix,0.004849872,353,10.002783,0.8843,1.000120847,2.547774705
mix,0.004849872,353,13.34685065,1.013,1.125378801,2.547774705
mix,0.004849872,353,15.34740725,1.068,1.186035017,2.547774705
mix,0.004849872,353,16.68111165,1.101,1.222224989,2.547774705
mix,0.004849872,353,18.68166825,1.141,1.271415656,2.547774705
mix,0.048498722,353,0.0980665,0.008,-1.008479324,2.547774705
mix,0.048498722,353,2.0005566,0.253,0.301150843,2.547774705
mix,0.048498722,353,4.0011132,0.5,0.602180839,2.547774705
mix,0.048498722,353,6.0016698,0.629,0.778272098,2.547774705
mix,0.048498722,353,8.0022264,0.788,0.903210834,2.547774705
mix,0.048498722,353,10.002783,0.882,1.000120847,2.547774705
mix,0.048498722,353,13.34685065,0.0952,1.125378801,2.547774705
mix,0.048498722,353,15.34740725,1.0056,1.186035017,2.547774705
mix,0.048498722,353,16.68111165,1.097,1.222224989,2.547774705
mix,0.048498722,353,18.68166825,1.138,1.271415656,2.547774705
mix,0.072748083,353,0.0980665,0.008,-1.008479324,2.547774705
mix,0.072748083,353,2.0005566,0.217,0.301150843,2.547774705
mix,0.072748083,353,4.0011132,0.5,0.602180839,2.547774705
mix,0.072748083,353,6.0016698,0.629,0.778272098,2.547774705
mix,0.072748083,353,8.0022264,0.788,0.903210834,2.547774705
mix,0.072748083,353,10.002783,0.882,1.000120847,2.547774705
mix,0.072748083,353,15.34740725,1.0056,1.186035017,2.547774705
mix,0.072748083,353,16.68111165,1.097,1.222224989,2.547774705
mix,0.072748083,353,18.68166825,1.138,1.271415656,2.547774705
mix,0.004849872,373,0.0980665,0,-1.008479324,2.571708832
mix,0.004849872,373,2.0005566,0.202,0.301150843,2.571708832
mix,0.004849872,373,4.0011132,0.389,0.602180839,2.571708832
mix,0.004849872,373,6.0016698,0.547,0.778272098,2.571708832
mix,0.004849872,373,8.0022264,0.671,0.903210834,2.571708832
mix,0.004849872,373,10.002783,0.81,1.000120847,2.571708832
mix,0.004849872,373,13.34685065,0.9376,1.125378801,2.571708832
mix,0.004849872,373,15.34740725,1.003,1.186035017,2.571708832
mix,0.004849872,373,16.68111165,1.043,1.222224989,2.571708832
mix,0.004849872,373,18.68166825,1.095,1.271415656,2.571708832
mix,0.048498722,373,0.0980665,0,-1.008479324,2.571708832
mix,0.048498722,373,2.0005566,0.202,0.301150843,2.571708832
mix,0.048498722,373,4.0011132,0.398,0.602180839,2.571708832
mix,0.048498722,373,6.0016698,0.551,0.778272098,2.571708832
mix,0.048498722,373,8.0022264,0.6778,0.903210834,2.571708832
mix,0.048498722,373,10.002783,0.792,1.000120847,2.571708832
mix,0.048498722,373,13.34685065,0.9,1.125378801,2.571708832
mix,0.048498722,373,15.34740725,1.006,1.186035017,2.571708832
mix,0.048498722,373,16.68111165,1.037,1.222224989,2.571708832
mix,0.048498722,373,18.68166825,1.086,1.271415656,2.571708832
mix,0.072748083,373,0.0980665,0,-1.008479324,2.571708832
mix,0.072748083,373,2.0005566,0.202,0.301150843,2.571708832
mix,0.072748083,373,4.0011132,0.398,0.602180839,2.571708832
mix,0.072748083,373,6.0016698,0.551,0.778272098,2.571708832
mix,0.072748083,373,8.0022264,0.6778,0.903210834,2.571708832
mix,0.072748083,373,10.002783,0.792,1.000120847,2.571708832
mix,0.072748083,373,13.34685065,0.93,1.125378801,2.571708832
mix,0.072748083,373,15.34740725,1.006,1.186035017,2.571708832
mix,0.072748083,373,16.68111165,1.037,1.222224989,2.571708832
mix,0.072748083,373,18.68166825,1.086,1.271415656,2.571708832
mix,0.072748083,373,13.34685065,0.93,1.125378801,2.571708832
mix,0.072748083,373,15.34740725,1.006,1.186035017,2.571708832
mix,0.072748083,373,16.68111165,1.037,1.222224989,2.571708832
mix,0.072748083,373,18.68166825,1.086,1.271415656,2.571708832
MgCl2,1,323.15,1.6,0.188,0.204119983,2.50940416
MgCl2,1,323.15,3.03,0.338,0.481442629,2.50940416
MgCl2,1,323.15,5.11,0.527,0.7084209,2.50940416
MgCl2,1,323.15,10.14,0.777,1.006037955,2.50940416
MgCl2,1,323.15,15.04,0.84,1.177247836,2.50940416
MgCl2,1,323.15,20.13,0.899,1.303843775,2.50940416
MgCl2,1,373.15,1.6,0.109,0.204119983,2.571883446
MgCl2,1,373.15,3.05,0.198,0.484299839,2.571883446
MgCl2,1,373.15,5.04,0.31,0.702430536,2.571883446
MgCl2,1,373.15,10.17,0.55,1.007320953,2.571883446
MgCl2,1,373.15,15.2,0.685,1.181843588,2.571883446
MgCl2,1,373.15,20.18,0.769,1.304921162,2.571883446
MgCl2,1,423.15,2.98,0.14,0.474216264,2.626494345
MgCl2,1,423.15,4.97,0.237,0.696356389,2.626494345
MgCl2,1,423.15,10.11,0.453,1.004751156,2.626494345
MgCl2,1,423.15,15.08,0.619,1.178401342,2.626494345
MgCl2,1,423.15,20.02,0.753,1.301464073,2.626494345
MgCl2,3,323.15,5.03,0.303,0.701567985,2.50940416
MgCl2,3,323.15,10.3,0.417,1.012837225,2.50940416
MgCl2,3,323.15,15.08,0.462,1.178401342,2.50940416
MgCl2,3,323.15,20.01,0.494,1.301247089,2.50940416
MgCl2,3,373.15,5.05,0.18,0.703291378,2.571883446
MgCl2,3,373.15,10.12,0.299,1.005180513,2.571883446
MgCl2,3,373.15,15.34,0.382,1.18582536,2.571883446
MgCl2,3,373.15,20.29,0.42,1.307282047,2.571883446
MgCl2,3,423.15,5.06,0.132,0.704150517,2.626494345
MgCl2,3,423.15,10.15,0.241,1.006466042,2.626494345
MgCl2,3,423.15,15.27,0.324,1.183839037,2.626494345
MgCl2,3,423.15,20.2,0.394,1.305351369,2.626494345
MgCl2,5,323.15,5.08,0.19,0.705863712,2.50940416
MgCl2,5,323.15,10.01,0.258,1.000434077,2.50940416
MgCl2,5,323.15,15.16,0.282,1.180699201,2.50940416
MgCl2,5,323.15,20.29,0.323,1.307282047,2.50940416
NaCl,0,323.15,5.01,0.791,0.699837726,2.50940416
NaCl,0,323.15,10.03,1.164,1.001300933,2.50940416
NaCl,0,323.15,15.04,1.234,1.177247836,2.50940416
NaCl,0,323.15,20,1.308,1.301029996,2.50940416
NaCl,1,323.15,5.03,0.65,0.701567985,2.50940416
NaCl,1,323.15,10.02,0.965,1.000867722,2.50940416
NaCl,1,323.15,15.06,1.042,1.177824972,2.50940416
NaCl,1,323.15,20.01,1.081,1.301247089,2.50940416
NaCl,3,323.15,4.99,0.452,0.698100546,2.50940416
NaCl,3,323.15,10.06,0.676,1.002597981,2.50940416
NaCl,3,323.15,14.97,0.713,1.1752218,2.50940416
NaCl,3,323.15,19.96,0.779,1.300160537,2.50940416
NaCl,6,323.15,5.05,0.291,0.703291378,2.50940416
NaCl,6,323.15,10.09,0.438,1.003891166,2.50940416
NaCl,6,323.15,14.99,0.484,1.175801633,2.50940416
NaCl,6,323.15,20.04,0.509,1.301897717,2.50940416
NaCl,1,373.15,5.01,0.376,0.699837726,2.571883446
NaCl,1,373.15,10.08,0.668,1.003460532,2.571883446
NaCl,1,373.15,15.02,0.85,1.176669933,2.571883446
NaCl,1,373.15,19.96,0.942,1.300160537,2.571883446
NaCl,3,373.15,5.08,0.289,0.705863712,2.571883446
NaCl,3,373.15,10.07,0.492,1.003029471,2.571883446
NaCl,3,373.15,15.01,0.609,1.176380692,2.571883446
NaCl,3,373.15,20.16,0.727,1.304490528,2.571883446
NaCl,6,373.15,5.08,0.196,0.705863712,2.571883446
NaCl,6,373.15,10.07,0.331,1.003029471,2.571883446
NaCl,6,373.15,15.01,0.408,1.176380692,2.571883446
NaCl,6,373.15,20.16,0.471,1.304490528,2.571883446
NaCl,1,423.15,5.03,0.305,0.701567985,2.626494345
NaCl,1,423.15,10.04,0.577,1.001733713,2.626494345
NaCl,1,423.15,15.05,0.804,1.1775365,2.626494345
NaCl,1,423.15,20.01,0.96,1.301247089,2.626494345
NaCl,3,423.15,5.06,0.245,0.704150517,2.626494345
NaCl,3,423.15,10.1,0.425,1.004321374,2.626494345
NaCl,3,423.15,14.96,0.57,1.174931594,2.626494345
NaCl,3,423.15,20.23,0.717,1.305995883,2.626494345
NaCl,6,423.15,5.04,0.162,0.702430536,2.626494345
NaCl,6,423.15,10.1,0.285,1.004321374,2.626494345
NaCl,6,423.15,14.96,0.379,1.174931594,2.626494345
NaCl,6,423.15,20.21,0.463,1.305566314,2.626494345
mix,1.4,323,1.01,0.1342,0.004321374,2.509202522
mix,1.4,323,2.01,0.257,0.303196057,2.509202522
mix,1.4,323,3.03,0.3773,0.481442629,2.509202522
mix,1.4,323,4.02,0.4905,0.604226053,2.509202522
mix,1.4,323,4.98,0.5783,0.697229343,2.509202522
mix,1.4,323,9.92,0.88,0.996511672,2.509202522
mix,1.4,323,15.03,0.9591,1.176958981,2.509202522
mix,1.4,323,19.93,1.0061,1.299507299,2.509202522
mix,1.4,373,1.05,0.074,0.021189299,2.571708832
mix,1.4,373,2.01,0.142,0.303196057,2.571708832
mix,1.4,373,3.02,0.2172,0.480006943,2.571708832
mix,1.4,373,4.02,0.2801,0.604226053,2.571708832
mix,1.4,373,5.09,0.3549,0.706717782,2.571708832
mix,1.4,373,10.04,0.6281,1.001733713,2.571708832
mix,1.4,373,15.1,0.8023,1.178976947,2.571708832
mix,1.4,373,19.91,0.871,1.29907126,2.571708832
mix,1.4,423,1.04,0.037,0.017033339,2.626340367
mix,1.4,423,1.94,0.0925,0.28780173,2.626340367
mix,1.4,423,3.04,0.1566,0.482873584,2.626340367
mix,1.4,423,4.09,0.2287,0.611723308,2.626340367
mix,1.4,423,5.09,0.282,0.706717782,2.626340367
mix,1.4,423,10.08,0.525,1.003460532,2.626340367
mix,1.4,423,15.12,0.7208,1.179551791,2.626340367
mix,1.4,423,19.91,0.8694,1.29907126,2.626340367
mix,1.5,323,1,0.1305,0,2.509202522
mix,1.5,323,2.01,0.2667,0.303196057,2.509202522
mix,1.5,323,3.01,0.3758,0.478566496,2.509202522
mix,1.5,323,3.99,0.5003,0.600972896,2.509202522
mix,1.5,323,5,0.5865,0.698970004,2.509202522
mix,1.5,323,10.02,0.863,1.000867722,2.509202522
mix,1.5,323,15.03,0.9057,1.176958981,2.509202522
mix,1.5,323,19.97,0.9851,1.300378065,2.509202522
mix,1.5,373,1.03,0.0696,0.012837225,2.571708832
mix,1.5,373,2.05,0.1511,0.311753861,2.571708832
mix,1.5,373,3.02,0.2156,0.480006943,2.571708832
mix,1.5,373,4.04,0.284,0.606381365,2.571708832
mix,1.5,373,5.09,0.3523,0.706717782,2.571708832
mix,1.5,373,10.09,0.6036,1.003891166,2.571708832
mix,1.5,373,15.09,0.7739,1.17868924,2.571708832
mix,1.5,373,19.91,0.864,1.29907126,2.571708832
mix,1.5,423,1.04,0.0372,0.017033339,2.626340367
mix,1.5,423,2,0.0966,0.301029996,2.626340367
mix,1.5,423,3.01,0.1595,0.478566496,2.626340367
mix,1.5,423,4.05,0.2199,0.607455023,2.626340367
mix,1.5,423,5.12,0.2804,0.709269961,2.626340367
mix,1.5,423,10.08,0.5204,1.003460532,2.626340367
mix,1.5,423,15.02,0.7152,1.176669933,2.626340367
mix,1.5,423,19.92,0.8517,1.299289334,2.626340367
NaCl,1.2,333.15,6.01,0.62,0.778874472,2.522639818
NaCl,1.2,333.15,10.01,0.87,1.000434077,2.522639818
NaCl,1.2,333.15,20.01,1,1.301247089,2.522639818
NaCl,1.2,333.15,29.97,1.04,1.476686743,2.522639818
NaCl,1.2,333.15,39.97,1.13,1.601734148,2.522639818
CaCl2,0.2,333.15,6.09,0.74,0.784617293,2.522639818
CaCl2,0.2,333.15,10.05,1.01,1.002166062,2.522639818
CaCl2,0.2,333.15,20.08,1.26,1.302763708,2.522639818
CaCl2,0.2,333.15,30.06,1.33,1.477988976,2.522639818
CaCl2,0.2,333.15,40.02,1.45,1.602277084,2.522639818
mix,1.4,333.15,6.06,0.58,0.782472624,2.522639818
mix,1.4,333.15,10.01,0.81,1.000434077,2.522639818
mix,1.4,333.15,20.07,0.97,1.302547372,2.522639818
mix,1.4,333.15,30.02,1.06,1.477410688,2.522639818
mix,1.4,333.15,40.05,1.14,1.60260252,2.522639818
mix,1.4,453.15,6.03,0.3,0.780317312,2.656241984
mix,1.4,453.15,10.08,0.52,1.003460532,2.656241984
mix,1.4,453.15,20.05,0.91,1.302114377,2.656241984
mix,1.4,453.15,30.04,1.21,1.477699928,2.656241984
mix,1.4,453.15,40.07,1.37,1.602819342,2.656241984
Na2SO4,0,303.15,1.6,0.415,0.204119983,2.481657573
Na2SO4,0,303.15,3.12,0.764,0.494154594,2.481657573
Na2SO4,0,303.15,5.1,1.12,0.707570176,2.481657573
Na2SO4,0,303.15,10.11,1.376,1.004751156,2.481657573
Na2SO4,0,303.15,15.13,1.434,1.179838928,2.481657573
Na2SO4,0,303.15,20.15,1.508,1.30427505,2.481657573
Na2SO4,1,303.15,1.6,0.232,0.204119983,2.481657573
Na2SO4,1,303.15,3.11,0.413,0.492760389,2.481657573
Na2SO4,1,303.15,5.13,0.598,0.710117365,2.481657573
Na2SO4,1,303.15,10.12,0.756,1.005180513,2.481657573
Na2SO4,1,303.15,15.13,0.79,1.179838928,2.481657573
Na2SO4,1,303.15,20.04,0.822,1.301897717,2.481657573
Na2SO4,1.998,303.15,1.61,0.123,0.206825876,2.481657573
Na2SO4,1.998,303.15,3.11,0.225,0.492760389,2.481657573
Na2SO4,1.998,303.15,5.13,0.338,0.710117365,2.481657573
Na2SO4,1.998,303.15,10.14,0.409,1.006037955,2.481657573
Na2SO4,1.998,303.15,15.15,0.454,1.180412633,2.481657573
Na2SO4,1.998,303.15,20.13,0.469,1.303843775,2.481657573
Na2SO4,0,323.15,1.63,0.293,0.212187604,2.50940416
Na2SO4,0,323.15,3.11,0.506,0.492760389,2.50940416
Na2SO4,1,323.15,1.6,0.163,0.204119983,2.50940416
Na2SO4,1,323.15,3.11,0.298,0.492760389,2.50940416
Na2SO4,1,323.15,5.1,0.455,0.707570176,2.50940416
Na2SO4,1,323.15,10.13,0.656,1.005609445,2.50940416
Na2SO4,1,323.15,15.12,0.717,1.179551791,2.50940416
Na2SO4,1,323.15,20.11,0.746,1.303412071,2.50940416
Na2SO4,1.998,323.15,1.62,0.098,0.209515015,2.50940416
Na2SO4,1.998,323.15,3.14,0.176,0.496929648,2.50940416
Na2SO4,1.998,323.15,5.11,0.26,0.7084209,2.50940416
Na2SO4,1.998,323.15,10.13,0.379,1.005609445,2.50940416
Na2SO4,1.998,323.15,15.12,0.433,1.179551791,2.50940416
Na2SO4,1.998,323.15,20.12,0.448,1.303627976,2.50940416
Na2SO4,0,373.15,1.62,0.158,0.209515015,2.571883446
Na2SO4,0,373.15,3.11,0.302,0.492760389,2.571883446
Na2SO4,1,373.15,1.61,0.098,0.206825876,2.571883446
Na2SO4,1,373.15,3.14,0.185,0.496929648,2.571883446
Na2SO4,1,373.15,5.11,0.287,0.7084209,2.571883446
Na2SO4,1,373.15,10.1,0.488,1.004321374,2.571883446
Na2SO4,1,373.15,15.1,0.625,1.178976947,2.571883446
Na2SO4,1,373.15,20.13,0.695,1.303843775,2.571883446
Na2SO4,1.998,373.15,1.62,0.064,0.209515015,2.571883446
Na2SO4,1.998,373.15,3.11,0.118,0.492760389,2.571883446
Na2SO4,1.998,373.15,5.16,0.187,0.712649702,2.571883446
Na2SO4,1.998,373.15,10.13,0.304,1.005609445,2.571883446
Na2SO4,1.998,373.15,15.15,0.399,1.180412633,2.571883446
Na2SO4,1.998,373.15,20.14,0.454,1.304059466,2.571883446
Na2SO4,0,423.15,1.6,0.097,0.204119983,2.626494345
Na2SO4,0,423.15,3.11,0.219,0.492760389,2.626494345
Na2SO4,1,423.15,1.62,0.06,0.209515015,2.626494345
Na2SO4,1,423.15,3.14,0.142,0.496929648,2.626494345
Na2SO4,1,423.15,5.15,0.238,0.711807229,2.626494345
Na2SO4,1,423.15,10.15,0.46,1.006466042,2.626494345
Na2SO4,1,423.15,15.15,0.626,1.180412633,2.626494345
Na2SO4,1,423.15,20.14,0.724,1.304059466,2.626494345
Na2SO4,1.998,423.15,1.62,0.047,0.209515015,2.626494345
Na2SO4,1.998,423.15,3.12,0.098,0.494154594,2.626494345
Na2SO4,1.998,423.15,5.15,0.164,0.711807229,2.626494345
Na2SO4,1.998,423.15,10.16,0.298,1.006893708,2.626494345
Na2SO4,1.998,423.15,15.15,0.398,1.180412633,2.626494345
Na2SO4,1.998,423.15,20.17,0.478,1.304705898,2.626494345
mix,0.113323709,303.16,1.625,0.27285151,0.210853365,2.481671898
mix,0.113323709,303.16,6.612,0.863500985,0.820332845,2.481671898
mix,0.113323709,303.16,8.675,0.94615807,0.938269483,2.481671898
mix,0.113323709,303.16,20.519,1.004441112,1.312156191,2.481671898
mix,0.113323709,303.16,35.386,1.1025843,1.548831473,2.481671898
mix,0.113323709,323.2,1.763,0.229167426,0.246252312,2.509471352
mix,0.113323709,323.2,6.257,0.621305372,0.796366155,2.509471352
mix,0.113323709,323.2,10.719,0.805530245,1.030154271,2.509471352
mix,0.113323709,323.2,18.172,0.894933275,1.259402728,2.509471352
mix,0.113323709,323.2,38.86,1.037650765,1.589502796,2.509471352
mix,0.113323709,373.19,1.929,0.119761625,0.285332228,2.571929998
mix,0.113323709,373.19,8.172,0.446756108,0.912328358,2.571929998
mix,0.113323709,373.19,22.895,0.816688935,1.359740648,2.571929998
mix,0.113323709,373.19,38.808,0.985177346,1.588921262,2.571929998
mix,0.113323709,423.19,2.415,0.125971344,0.382917135,2.626535397
mix,0.113323709,423.19,5.434,0.257761763,0.735119634,2.626535397
mix,0.113323709,423.19,9.253,0.456713829,0.966282562,2.626535397
mix,0.113323709,423.19,24.335,0.901330902,1.386231351,2.626535397
mix,0.113323709,423.19,36.949,1.050517396,1.567602689,2.626535397
0,0,300.95,2.071,0.616816515,0.316180099,2.478494348
0,0,300.95,4.782,1.151326352,0.679609572,2.478494348
0,0,300.95,7.837,1.327109977,0.894149847,2.478494348
0,0,300.95,19.445,1.53797111,1.288807947,2.478494348
0,0,300.95,34.753,1.693167434,1.5409923,2.478494348
0,0,307.79,1.292,0.335622788,0.111262514,2.488254506
0,0,307.79,1.31,0.335622788,0.117271296,2.488254506
0,0,307.79,2.243,0.545969904,0.350829274,2.488254506
0,0,307.79,3.38,0.779018355,0.5289167,2.488254506
0,0,307.79,4.594,0.962260655,0.662190991,2.488254506
0,0,307.79,5.543,1.092973193,0.743744879,2.488254506
0,0,307.79,7.143,1.264910131,0.85388065,2.488254506
0,0,307.79,12.231,1.373120757,1.087461966,2.488254506
0,0,307.79,19.236,1.475309137,1.284114768,2.488254506
0,0,322.62,2.991,0.538612123,0.475816413,2.508691287
0,0,322.62,4.778,0.719150823,0.679246145,2.508691287
0,0,322.62,5.486,0.841301568,0.739255803,2.508691287
0,0,322.62,8.667,1.109138261,0.937868797,2.508691287
0,0,322.62,20.727,1.361465417,1.316536447,2.508691287
0,0,322.62,40.349,1.545007217,1.605832776,2.508691287
0,0,373.39,3.515,0.38960937,0.545925329,2.572162683
0,0,373.39,7.941,0.72313803,0.899875196,2.572162683
0,0,373.39,19.34,1.197632139,1.28645647,2.572162683
0,0,373.39,42.077,1.468875055,1.624044768,2.572162683
0,0,423.48,2.631,0.182108076,0.420120848,2.626832904
0,0,423.48,5.109,0.371602248,0.708335903,2.626832904
0,0,423.48,9.772,0.657137195,0.989983458,2.626832904
0,0,423.48,19.549,1.169260867,1.291124547,2.626832904
0,0,423.48,40.69,1.621931095,1.60948769,2.626832904
CaCl2,0.333,323,15,1.094,1.176091259,2.509202522
CaCl2,0.667,323,15,0.965,1.176091259,2.509202522
CaCl2,1,323,15,0.853,1.176091259,2.509202522
CaCl2,1.333,323,15,0.746,1.176091259,2.509202522
CaCl2,1.667,323,15,0.663,1.176091259,2.509202522
CaCl2,2,323,15,0.618,1.176091259,2.509202522
CaCl2,0.333,373,15,0.898,1.176091259,2.571708832
CaCl2,0.667,373,15,0.777,1.176091259,2.571708832
CaCl2,1,373,15,0.683,1.176091259,2.571708832
CaCl2,1.333,373,15,0.614,1.176091259,2.571708832
CaCl2,1.667,373,15,0.544,1.176091259,2.571708832
CaCl2,2,373,15,0.491,1.176091259,2.571708832
CaCl2,0.333,423,15,0.866,1.176091259,2.626340367
CaCl2,0.667,423,15,0.723,1.176091259,2.626340367
CaCl2,1,423,15,0.632,1.176091259,2.626340367
CaCl2,1.333,423,15,0.55,1.176091259,2.626340367
CaCl2,1.667,423,15,0.49,1.176091259,2.626340367
CaCl2,2,423,15,0.442,1.176091259,2.626340367
Na2SO4,0.333,323,15,1.029,1.176091259,2.509202522
Na2SO4,0.667,323,15,0.866,1.176091259,2.509202522
Na2SO4,1,323,15,0.716,1.176091259,2.509202522
Na2SO4,1.333,323,15,0.584,1.176091259,2.509202522
Na2SO4,1.667,323,15,0.502,1.176091259,2.509202522
Na2SO4,2,323,15,0.442,1.176091259,2.509202522
Na2SO4,0.333,373,15,0.855,1.176091259,2.571708832
Na2SO4,0.667,373,15,0.729,1.176091259,2.571708832
Na2SO4,1,373,15,0.617,1.176091259,2.571708832
Na2SO4,1.333,373,15,0.534,1.176091259,2.571708832
Na2SO4,1.667,373,15,0.452,1.176091259,2.571708832
Na2SO4,2,373,15,0.395,1.176091259,2.571708832
Na2SO4,0.333,423,15,0.831,1.176091259,2.626340367
Na2SO4,0.667,423,15,0.71,1.176091259,2.626340367
Na2SO4,1,423,15,0.611,1.176091259,2.626340367
Na2SO4,1.333,423,15,0.524,1.176091259,2.626340367
Na2SO4,1.667,423,15,0.444,1.176091259,2.626340367
Na2SO4,2,423,15,0.389,1.176091259,2.626340367
KCl,2,323,15,1.005,1.176091259,2.509202522
KCl,3,323,15,0.929,1.176091259,2.509202522
KCl,4,323,15,0.88,1.176091259,2.509202522
KCl,4.5,323,15,0.855,1.176091259,2.509202522
KCl,0.5,373,15,0.941,1.176091259,2.571708832
KCl,1,373,15,0.895,1.176091259,2.571708832
KCl,2,373,15,0.805,1.176091259,2.571708832
KCl,3,373,15,0.74,1.176091259,2.571708832
KCl,4,373,15,0.683,1.176091259,2.571708832
KCl,4.5,373,15,0.657,1.176091259,2.571708832
KCl,0.5,423,15,0.881,1.176091259,2.626340367
KCl,1,423,15,0.816,1.176091259,2.626340367
KCl,2,423,15,0.724,1.176091259,2.626340367
KCl,3,423,15,0.651,1.176091259,2.626340367
KCl,4,423,15,0.593,1.176091259,2.626340367
KCl,4.5,423,15,0.565,1.176091259,2.626340367
MgCl2,0.333,323,15,1.071,1.176091259,2.509202522
MgCl2,0.667,323,15,0.961,1.176091259,2.509202522
MgCl2,1,323,15,0.834,1.176091259,2.509202522
MgCl2,1.333,323,15,0.743,1.176091259,2.509202522
MgCl2,1.667,323,15,0.671,1.176091259,2.509202522
MgCl2,2,323,15,0.609,1.176091259,2.509202522
MgCl2,0.333,373,15,0.875,1.176091259,2.571708832
MgCl2,0.667,373,15,0.767,1.176091259,2.571708832
MgCl2,1,373,15,0.664,1.176091259,2.571708832
MgCl2,1.333,373,15,0.594,1.176091259,2.571708832
MgCl2,1.667,373,15,0.533,1.176091259,2.571708832
MgCl2,2,373,15,0.483,1.176091259,2.571708832
MgCl2,0.333,423,15,0.815,1.176091259,2.626340367
MgCl2,0.667,423,15,0.699,1.176091259,2.626340367
MgCl2,1,423,15,0.618,1.176091259,2.626340367
MgCl2,1.333,423,15,0.536,1.176091259,2.626340367
MgCl2,1.667,423,15,0.468,1.176091259,2.626340367
MgCl2,2,423,15,0.43,1.176091259,2.626340367
NaCl,1.13,372.33,3.1148,0.208017825,0.493430166,2.57092803
NaCl,1.13,372.31,6.05,0.401485286,0.781755375,2.570904701
NaCl,1.13,372.29,10.884,0.607229406,1.036788533,2.570881371
NaCl,1.13,372.29,15.192,0.732528844,1.181614952,2.570881371
NaCl,1.13,372.25,19.198,0.847444085,1.283255987,2.570834706
NaCl,1.13,323.02,5.345,0.552933038,0.72794771,2.509229413
NaCl,1.13,322.97,7.555,0.694332419,0.878234469,2.509162184
NaCl,1.13,323.03,10.035,0.814561154,1.001517377,2.509242857
NaCl,1.13,323.04,14.508,0.918828143,1.161607547,2.509256302
NaCl,1,373.38,1.6983,0.126831136,0.23001441,2.572151051
NaCl,1,373.37,3.2527,0.228407669,0.51224401,2.57213942
NaCl,1,373.41,6.8182,0.448461187,0.833669736,2.572185944
NaCl,3.01,342.82,3.0391,0.220434086,0.482744991,2.535066151
NaCl,3.01,342.81,7.2559,0.441816638,0.860691289,2.535053482
NaCl,3.01,342.82,10.091,0.531631372,1.003934206,2.535066151
NaCl,3.01,372.39,2.5556,0.145738245,0.407492879,2.57099801
NaCl,3.01,372.42,7.1417,0.354341051,0.853801603,2.571032996
NaCl,3.01,372.41,10.0517,0.440803615,1.002239518,2.571021334
NaCl,3.01,372.43,15.2433,0.574367846,1.183078997,2.571044657
NaCl,3.01,372.45,19.9597,0.63401482,1.300154009,2.571067979
NaCl,3.01,372.45,22.9817,0.67436928,1.361382151,2.571067979
0,0,303.15,5,1.04,0.698970004,2.481657573
0,0,323.15,5,0.84,0.698970004,2.50940416
0,0,343.15,5,0.68,0.698970004,2.535484003
0,0,363.15,5,0.5,0.698970004,2.560086048
0,0,303.15,10,1.22,1,2.481657573
0,0,323.15,10,1.07,1,2.50940416
0,0,343.15,10,0.89,1,2.535484003
0,0,363.15,10,0.71,1,2.560086048
0,0,303.15,15,1.46,1.176091259,2.481657573
0,0,323.15,15,1.28,1.176091259,2.50940416
0,0,343.15,15,1.23,1.176091259,2.535484003
0,0,363.15,15,1.1,1.176091259,2.560086048
0,0,303.15,20,1.58,1.301029996,2.481657573
0,0,323.15,20,1.39,1.301029996,2.50940416
0,0,343.15,20,1.32,1.301029996,2.535484003
0,0,363.15,20,1.21,1.301029996,2.560086048
0,0,303.15,25,1.67,1.397940009,2.481657573
0,0,323.15,25,1.46,1.397940009,2.50940416
0,0,343.15,25,1.4,1.397940009,2.535484003
0,0,363.15,25,1.31,1.397940009,2.560086048
NaCl,0.07,303.15,5,0.96,0.698970004,2.481657573
NaCl,0.07,323.15,5,0.72,0.698970004,2.50940416
NaCl,0.07,343.15,5,0.59,0.698970004,2.535484003
NaCl,0.07,363.15,5,0.47,0.698970004,2.560086048
NaCl,0.07,303.15,10,1.14,1,2.481657573
NaCl,0.07,323.15,10,0.99,1,2.50940416
NaCl,0.07,343.15,10,0.81,1,2.535484003
NaCl,0.07,363.15,10,0.66,1,2.560086048
NaCl,0.07,303.15,15,1.39,1.176091259,2.481657573
NaCl,0.07,323.15,15,1.23,1.176091259,2.50940416
NaCl,0.07,343.15,15,1.15,1.176091259,2.535484003
NaCl,0.07,363.15,15,1.07,1.176091259,2.560086048
NaCl,0.07,303.15,20,1.5,1.301029996,2.481657573
NaCl,0.07,323.15,20,1.35,1.301029996,2.50940416
NaCl,0.07,343.15,20,1.23,1.301029996,2.535484003
NaCl,0.07,363.15,20,1.14,1.301029996,2.560086048
NaCl,0.07,303.15,25,1.59,1.397940009,2.481657573
NaCl,0.07,323.15,25,1.43,1.397940009,2.50940416
NaCl,0.07,343.15,25,1.32,1.397940009,2.535484003
NaCl,0.07,363.15,25,1.25,1.397940009,2.560086048
NaCl,0.7,303.15,5,0.87,0.698970004,2.481657573
NaCl,0.7,323.15,5,0.67,0.698970004,2.50940416
NaCl,0.7,343.15,5,0.53,0.698970004,2.535484003
NaCl,0.7,363.15,5,0.39,0.698970004,2.560086048
NaCl,0.7,303.15,10,1.05,1,2.481657573
NaCl,0.7,323.15,10,0.89,1,2.50940416
NaCl,0.7,343.15,10,0.71,1,2.535484003
NaCl,0.7,363.15,10,0.59,1,2.560086048
NaCl,0.7,303.15,15,1.27,1.176091259,2.481657573
NaCl,0.7,323.15,15,1.13,1.176091259,2.50940416
NaCl,0.7,343.15,15,0.99,1.176091259,2.535484003
NaCl,0.7,363.15,15,0.9,1.176091259,2.560086048
NaCl,0.7,303.15,20,1.36,1.301029996,2.481657573
NaCl,0.7,323.15,20,1.23,1.301029996,2.50940416
NaCl,0.7,343.15,20,1.08,1.301029996,2.535484003
NaCl,0.7,363.15,20,1,1.301029996,2.560086048
NaCl,0.7,303.15,25,1.44,1.397940009,2.481657573
NaCl,0.7,323.15,25,1.31,1.397940009,2.50940416
NaCl,0.7,343.15,25,1.17,1.397940009,2.535484003
NaCl,0.7,363.15,25,1.1,1.397940009,2.560086048
0,0,309.15,21,1.18,1.322219295,2.490169251
0,0,309.15,32,1.56,1.505149978,2.490169251
0,0,344.15,10.4,0.8,1.017033339,2.536747774
0,0,344.15,33.2,1.25,1.521138084,2.536747774
0,0,374.15,10.9,0.77,1.037426498,2.57304575
0,0,374.15,34.7,1.29,1.540329475,2.57304575
0,0,414.15,20,1.09,1.301029996,2.617157666
0,0,414.15,34,1.48,1.531478917,2.617157666
NaHCO3,0.1,332.15,5.5,0.82,0.740362689,2.521334257
NaHCO3,0.1,333.15,14.4,1.44,1.158362492,2.522639818
CaCl2,0.1,334.65,1.92,0.29,0.283301229,2.524590829
CaCl2,0.1,336.15,5.4,0.65,0.73239376,2.526533116
Na2SO4,0.1,332.95,2.9,0.44,0.462397998,2.522379019
Na2SO4,0.1,333.75,12.4,1.23,1.093421685,2.523421274
mix,,331.95,1.5,0.27,0.176091259,2.521072673
mix,,331.55,10.2,1.08,1.008600172,2.520549032
NaHCO3,1,334.65,5.7,0.66,0.755874856,2.524590829
NaHCO3,1,331.75,10.8,1.01,1.033423755,2.520810932
NaCl,1.88,309.15,10.6,0.84,1.025305865,2.490169251
NaCl,1.88,309.15,35.1,1.2,1.545307116,2.490169251
NaCl,1.88,344.15,10.2,0.73,1.008600172,2.536747774
NaCl,1.88,344.15,34.7,0.87,1.540329475,2.536747774
NaCl,1.88,374.15,10,0.45,1,2.57304575
NaCl,1.88,374.15,35.4,0.89,1.549003262,2.57304575
NaCl,1.88,414.15,10.4,0.4,1.017033339,2.617157666
NaCl,1.88,414.15,34.2,0.94,1.534026106,2.617157666
CaCl2,1,344.15,3.2,0.38,0.505149978,2.536747774
CaCl2,1,330.35,11.7,0.81,1.068185862,2.518974311
Na2SO4,1,331.05,5.4,0.45,0.73239376,2.519893592
Na2SO4,1,331.65,14.3,0.7,1.155336037,2.520680002
NaCl,3.4,309.15,9.89,0.58,0.995196292,2.490169251
NaCl,3.4,309.15,34.2,0.7,1.534026106,2.490169251
NaCl,3.4,344.15,11.6,0.47,1.064457989,2.536747774
NaCl,3.4,344.15,35.8,0.63,1.553883027,2.536747774
NaCl,3.4,374.15,10,0.37,1,2.57304575
NaCl,3.4,374.15,35.4,0.63,1.549003262,2.57304575
NaCl,3.4,414.15,9.9,0.44,0.995635195,2.617157666
NaCl,3.4,414.15,33.9,0.78,1.530199698,2.617157666
CaCl2,0,323.15,5.01,0.791,0.699837726,2.50940416
CaCl2,0,323.15,10.03,1.164,1.001300933,2.50940416
CaCl2,0,323.15,15.04,1.234,1.177247836,2.50940416
CaCl2,0,323.15,20,1.308,1.301029996,2.50940416
CaCl2,1,323.15,5.07,0.568,0.705007959,2.50940416
CaCl2,1,323.15,10,0.829,1,2.50940416
CaCl2,1,323.15,15.01,0.885,1.176380692,2.50940416
CaCl2,1,323.15,19.98,0.914,1.300595484,2.50940416
CaCl2,3,323.15,5.09,0.29,0.706717782,2.50940416
CaCl2,3,323.15,10.05,0.429,1.002166062,2.50940416
CaCl2,3,323.15,15.02,0.469,1.176669933,2.50940416
CaCl2,3,323.15,19.89,0.498,1.298634783,2.50940416
CaCl2,6,323.15,5.09,0.172,0.706717782,2.50940416
CaCl2,6,323.15,10.08,0.227,1.003460532,2.50940416
CaCl2,6,323.15,14.98,0.247,1.175511813,2.50940416
CaCl2,6,323.15,19.95,0.252,1.2999429,2.50940416
CaCl2,0,373.15,5.05,0.475,0.703291378,2.571883446
CaCl2,0,373.15,10.07,0.804,1.003029471,2.571883446
CaCl2,0,373.15,14.96,1.019,1.174931594,2.571883446
CaCl2,0,373.15,19.9,1.153,1.298853076,2.571883446
CaCl2,1,373.15,5.16,0.337,0.712649702,2.571883446
CaCl2,1,373.15,10.27,0.568,1.011570444,2.571883446
CaCl2,1,373.15,15.17,0.715,1.180985581,2.571883446
CaCl2,1,373.15,20.04,0.816,1.301897717,2.571883446
CaCl2,3,373.15,5.04,0.191,0.702430536,2.571883446
CaCl2,3,373.15,10.04,0.32,1.001733713,2.571883446
CaCl2,3,373.15,15.02,0.387,1.176669933,2.571883446
CaCl2,3,373.15,20.01,0.437,1.301247089,2.571883446
CaCl2,6,373.15,5.24,0.108,0.719331287,2.571883446
CaCl2,6,373.15,10.1,0.171,1.004321374,2.571883446
CaCl2,6,373.15,15,0.211,1.176091259,2.571883446
CaCl2,6,373.15,19.91,0.239,1.29907126,2.571883446
CaCl2,0,423.15,5.05,0.386,0.703291378,2.626494345
CaCl2,0,423.15,10.12,0.729,1.005180513,2.626494345
CaCl2,0,423.15,15.1,1.003,1.178976947,2.626494345
CaCl2,0,423.15,19.95,1.174,1.2999429,2.626494345
CaCl2,1,423.15,5.13,0.26,0.710117365,2.626494345
CaCl2,1,423.15,10.18,0.495,1.007747778,2.626494345
CaCl2,1,423.15,15.12,0.658,1.179551791,2.626494345
CaCl2,1,423.15,19.96,0.772,1.300160537,2.626494345
CaCl2,3,423.15,5.13,0.14,0.710117365,2.626494345
CaCl2,3,423.15,10.27,0.262,1.011570444,2.626494345
CaCl2,3,423.15,15.12,0.348,1.179551791,2.626494345
CaCl2,3,423.15,19.96,0.41,1.300160537,2.626494345
CaCl2,6,423.15,5.1,0.087,0.707570176,2.626494345
CaCl2,6,423.15,10.48,0.139,1.020361283,2.626494345
CaCl2,6,423.15,15.29,0.18,1.184407485,2.626494345
CaCl2,6,423.15,19.86,0.207,1.297979244,2.626494345
0,0,297,12.41,,1.093771781,2.472756449
0,0,297,10.07,,1.003029471,2.472756449
0,0,297,9.58,,0.981365509,2.472756449
0,0,297,8.62,,0.935507266,2.472756449
0,0,297,8.62,,0.935507266,2.472756449
0,0,297,7.93,,0.899273187,2.472756449
0,0,297,7.93,,0.899273187,2.472756449
0,0,297,7.83,,0.893761762,2.472756449
0,0,297,7.31,,0.863917377,2.472756449
0,0,297,7.24,,0.859738566,2.472756449
0,0,297,7.24,,0.859738566,2.472756449
0,0,297,7.17,,0.855519156,2.472756449
0,0,297,6.89,,0.838219222,2.472756449
0,0,297,6.89,,0.838219222,2.472756449
0,0,297,6.89,,0.838219222,2.472756449
0,0,297,6.89,,0.838219222,2.472756449
0,0,297,6.89,,0.838219222,2.472756449
0,0,297,6.72,,0.827369273,2.472756449
0,0,297,6.72,,0.827369273,2.472756449
0,0,297,6.55,,0.8162413,2.472756449
0,0,297,6.41,,0.80685803,2.472756449
0,0,297,6.21,,0.7930916,2.472756449
0,0,297,6.2,,0.792391689,2.472756449
0,0,297,6.21,,0.7930916,2.472756449
0,0,297,6.21,,0.7930916,2.472756449
0,0,297,6.21,,0.7930916,2.472756449
0,0,297,6,,0.77815125,2.472756449
0,0,297,5.86,,0.767897616,2.472756449
0,0,297,5.69,,0.755112266,2.472756449
0,0,297,5.52,,0.741939078,2.472756449
0,0,297,5.52,,0.741939078,2.472756449
0,0,297,5.41,,0.733197265,2.472756449
0,0,297,4.83,,0.683947131,2.472756449
0,0,297,4.83,,0.683947131,2.472756449
0,0,297,4.76,,0.677606953,2.472756449
0,0,297,4.14,,0.617000341,2.472756449
0,0,297,4.14,,0.617000341,2.472756449
0,0,297,4.14,,0.617000341,2.472756449
0,0,297,3.79,,0.57863921,2.472756449
0,0,297,3.48,,0.541579244,2.472756449
0,0,297,3.45,,0.537819095,2.472756449
0,0,297,3.17,,0.501059262,2.472756449
0,0,297,3.14,,0.496929648,2.472756449
0,0,297,2.76,,0.440909082,2.472756449
0,0,297,2.41,,0.382017043,2.472756449
0,0,297,2.31,,0.36361198,2.472756449
0,0,297,2.07,,0.315970345,2.472756449
0,0,297,2.07,,0.315970345,2.472756449
0,0,297,1.52,,0.181843588,2.472756449
0,0,297,1.38,,0.139879086,2.472756449
0,0,297,1.38,,0.139879086,2.472756449
NaCl,1,297,10.69,,1.028977705,2.472756449
NaCl,1,297,9.31,,0.968949681,2.472756449
NaCl,1,297,7.1,,0.851258349,2.472756449
NaCl,1,297,7.03,,0.846955325,2.472756449
NaCl,1,297,6.62,,0.820857989,2.472756449
NaCl,1,297,4.83,,0.683947131,2.472756449
NaCl,1,297,3.45,,0.537819095,2.472756449
NaCl,4,297,11.58,,1.063708559,2.472756449
NaCl,4,297,11.4,,1.056904851,2.472756449
NaCl,4,297,10.75,,1.031408464,2.472756449
NaCl,4,297,9.65,,0.984527313,2.472756449
NaCl,4,297,9.51,,0.978180517,2.472756449
NaCl,4,297,9.13,,0.960470778,2.472756449
NaCl,4,297,8.78,,0.943494516,2.472756449
NaCl,4,297,8.78,,0.943494516,2.472756449
NaCl,4,297,8.34,,0.921166051,2.472756449
NaCl,4,297,7.92,,0.898725182,2.472756449
NaCl,4,297,7.89,,0.897077003,2.472756449
NaCl,4,297,7.58,,0.879669206,2.472756449
NaCl,4,297,7.41,,0.869818208,2.472756449
NaCl,4,297,7.27,,0.861534411,2.472756449
NaCl,4,297,7.23,,0.859138297,2.472756449
NaCl,4,297,7.23,,0.859138297,2.472756449
NaCl,4,297,7.1,,0.851258349,2.472756449
NaCl,4,297,7.06,,0.848804701,2.472756449
NaCl,4,297,7.06,,0.848804701,2.472756449
NaCl,4,297,6.61,,0.820201459,2.472756449
NaCl,4,297,6.06,,0.782472624,2.472756449
NaCl,4,297,5.79,,0.762678564,2.472756449
NaCl,4,297,5.2,,0.716003344,2.472756449
NaCl,4,297,4.48,,0.651278014,2.472756449
NaCl,4,297,3.45,,0.537819095,2.472756449
NaCl,4,297,3.17,,0.501059262,2.472756449
NaCl,4,297,3.07,,0.487138375,2.472756449
NaCl,4,297,2.07,,0.315970345,2.472756449
NaCl,4,297,2.07,,0.315970345,2.472756449
NaCl,4,297,1.72,,0.235528447,2.472756449
KCl,1,297,9.29,,0.968015714,2.472756449
KCl,1,297,9.56,,0.980457892,2.472756449
KCl,1,297,7.22,,0.858537198,2.472756449
KCl,1,297,7.22,,0.858537198,2.472756449
KCl,1,297,6.88,,0.837588438,2.472756449
KCl,1,297,6.19,,0.791690649,2.472756449
KCl,1.34,297,9.92,,0.996511672,2.472756449
KCl,1.34,297,9.65,,0.984527313,2.472756449
KCl,1.34,297,7.23,,0.859138297,2.472756449
KCl,1.34,297,7.13,,0.85308953,2.472756449
KCl,1.34,297,6.89,,0.838219222,2.472756449
KCl,1.34,297,6.89,,0.838219222,2.472756449
KCl,1.34,297,5.55,,0.744292983,2.472756449
KCl,1.34,297,5.51,,0.741151599,2.472756449
KCl,1.34,297,5,,0.698970004,2.472756449
KCl,1.34,297,4.72,,0.673941999,2.472756449
KCl,1.34,297,4,,0.602059991,2.472756449
KCl,1.34,297,2.76,,0.440909082,2.472756449
KCl,1.34,297,2.1,,0.322219295,2.472756449
MgCl2,0.4,297,17.23,,1.236285277,2.472756449
MgCl2,0.4,297,16.95,,1.229169703,2.472756449
MgCl2,0.4,297,12.4,,1.093421685,2.472756449
MgCl2,0.4,297,9.65,,0.984527313,2.472756449
MgCl2,0.4,297,7.92,,0.898725182,2.472756449
MgCl2,0.4,297,7.17,,0.855519156,2.472756449
MgCl2,0.4,297,6.89,,0.838219222,2.472756449
MgCl2,2,297,10.3,,1.012837225,2.472756449
MgCl2,2,297,10.34,,1.014520539,2.472756449
MgCl2,2,297,7.58,,0.879669206,2.472756449
MgCl2,2,297,6.55,,0.8162413,2.472756449
MgCl2,2,297,5.55,,0.744292983,2.472756449
MgCl2,2,297,4.82,,0.683047038,2.472756449
MgCl2,2,297,4.13,,0.615950052,2.472756449
MgCl2,2,297,3.45,,0.537819095,2.472756449
MgCl2,2,297,2.76,,0.440909082,2.472756449
0,0,334.15,0.1,0.014,-1,2.523941465
0,0,334.15,2.1,0.315,0.322219295,2.523941465
0,0,334.15,4.1,0.572,0.612783857,2.523941465
0,0,334.15,6.2,,0.792391689,2.523941465
0,0,334.15,8.3,0.929,0.919078092,2.523941465
0,0,334.15,10.3,1.04,1.012837225,2.523941465
0,0,334.15,13.8,1.144,1.139879086,2.523941465
0,0,334.15,15.8,1.174,1.198657087,2.523941465
0,0,334.15,17.2,1.193,1.235528447,2.523941465
0,0,334.15,19.3,1.221,1.285557309,2.523941465
0,0,334.15,21.3,,1.328379603,2.523941465
0,0,354.15,0.1,0.007,-1,2.549187246
0,0,354.15,2.1,0.245,0.322219295,2.549187246
0,0,354.15,4.1,0.455,0.612783857,2.549187246
0,0,354.15,6.2,0.63,0.792391689,2.549187246
0,0,354.15,8.3,0.75,0.919078092,2.549187246
0,0,354.15,10.3,0.884,1.012837225,2.549187246
0,0,354.15,13.8,1.007,1.139879086,2.549187246
0,0,354.15,15.8,1.077,1.198657087,2.549187246
0,0,354.15,17.2,1.097,1.235528447,2.549187246
0,0,354.15,19.3,1.14,1.285557309,2.549187246
0,0,354.15,21.3,1.17,1.328379603,2.549187246
NaCl,0.0172,334.15,0.1,0.007,-1,2.523941465
NaCl,0.0172,334.15,2.1,0.25,0.322219295,2.523941465
NaCl,0.0172,334.15,8.3,0.924,0.919078092,2.523941465
NaCl,0.0172,334.15,10.3,1.037,1.012837225,2.523941465
NaCl,0.0172,334.15,13.8,1.14,1.139879086,2.523941465
NaCl,0.0172,334.15,17.2,1.189,1.235528447,2.523941465
NaCl,0.0172,334.15,19.3,1.216,1.285557309,2.523941465
NaCl,0.0172,334.15,21.3,1.225,1.328379603,2.523941465
NaCl,0.172,334.15,0.1,0.006,-1,2.523941465
NaCl,0.172,334.15,2.1,0.238,0.322219295,2.523941465
NaCl,0.172,334.15,4.1,0.549,0.612783857,2.523941465
NaCl,0.172,334.15,6.2,0.722,0.792391689,2.523941465
NaCl,0.172,334.15,8.3,0.866,0.919078092,2.523941465
NaCl,0.172,334.15,13.8,1.104,1.139879086,2.523941465
NaCl,0.172,334.15,15.8,1.111,1.198657087,2.523941465
NaCl,0.172,334.15,17.2,1.151,1.235528447,2.523941465
NaCl,0.172,334.15,19.3,1.174,1.285557309,2.523941465
NaCl,0.172,334.15,21.3,1.188,1.328379603,2.523941465
NaCl,0.258,334.15,0.1,0.004,-1,2.523941465
NaCl,0.258,334.15,2.1,0.201,0.322219295,2.523941465
NaCl,0.258,334.15,4.1,0.53,0.612783857,2.523941465
NaCl,0.258,334.15,6.2,0.674,0.792391689,2.523941465
NaCl,0.258,334.15,8.3,0.74,0.919078092,2.523941465
NaCl,0.258,334.15,13.8,0.998,1.139879086,2.523941465
NaCl,0.258,334.15,15.8,1.009,1.198657087,2.523941465
NaCl,0.258,334.15,17.2,1.011,1.235528447,2.523941465
NaCl,0.258,334.15,21.3,1.161,1.328379603,2.523941465
0,0,323.2,5,0.83,0.698970004,2.509471352
0,0,323.2,10,1.212,1,2.509471352
0,0,323.2,15,1.252,1.176091259,2.509471352
0,0,323.2,20,1.298,1.301029996,2.509471352
0,0,323.2,30,1.418,1.477121255,2.509471352
0,0,323.2,40,1.463,1.602059991,2.509471352
0,0,373.2,5,0.462,0.698970004,2.571941635
0,0,373.2,10,0.803,1,2.571941635
0,0,373.2,15,1.014,1.176091259,2.571941635
0,0,373.2,20,1.158,1.301029996,2.571941635
0,0,373.2,30,1.315,1.477121255,2.571941635
0,0,373.2,40,1.443,1.602059991,2.571941635
0,0,413.2,5,0.378,0.698970004,2.616160313
0,0,413.2,10,0.707,1,2.616160313
0,0,413.2,15,0.97,1.176091259,2.616160313
0,0,413.2,20,1.153,1.301029996,2.616160313
0,0,413.2,30,1.403,1.477121255,2.616160313
0,0,413.2,40,1.564,1.602059991,2.616160313
NaCl,1,323.2,5,0.667,0.698970004,2.509471352
NaCl,1,323.2,10,0.961,1,2.509471352
NaCl,1,323.2,15,1.019,1.176091259,2.509471352
NaCl,1,323.2,20,1.1,1.301029996,2.509471352
NaCl,1,323.2,30,1.159,1.477121255,2.509471352
NaCl,1,323.2,40,1.227,1.602059991,2.509471352
NaCl,1,373.2,5,0.428,0.698970004,2.571941635
NaCl,1,373.2,10,0.683,1,2.571941635
NaCl,1,373.2,15,0.828,1.176091259,2.571941635
NaCl,1,373.2,20,0.967,1.301029996,2.571941635
NaCl,1,373.2,30,1.073,1.477121255,2.571941635
NaCl,1,373.2,40,1.195,1.602059991,2.571941635
NaCl,1,413.2,5,0.308,0.698970004,2.616160313
NaCl,1,413.2,10,0.575,1,2.616160313
NaCl,1,413.2,15,0.832,1.176091259,2.616160313
NaCl,1,413.2,20,0.962,1.301029996,2.616160313
NaCl,1,413.2,30,1.241,1.477121255,2.616160313
NaCl,1,413.2,40,1.284,1.602059991,2.616160313
NaCl,5,323.2,5,0.336,0.698970004,2.509471352
NaCl,5,323.2,10,0.49,1,2.509471352
NaCl,5,323.2,15,0.553,1.176091259,2.509471352
NaCl,5,323.2,20,0.559,1.301029996,2.509471352
NaCl,5,323.2,30,0.604,1.477121255,2.509471352
NaCl,5,323.2,40,0.654,1.602059991,2.509471352
NaCl,5,373.2,5,0.213,0.698970004,2.571941635
NaCl,5,373.2,10,0.364,1,2.571941635
NaCl,5,373.2,15,0.481,1.176091259,2.571941635
NaCl,5,373.2,20,0.578,1.301029996,2.571941635
NaCl,5,373.2,30,0.64,1.477121255,2.571941635
NaCl,5,373.2,40,0.636,1.602059991,2.571941635
NaCl,5,413.2,5,0.19,0.698970004,2.616160313
NaCl,5,413.2,10,0.324,1,2.616160313
NaCl,5,413.2,15,0.462,1.176091259,2.616160313
NaCl,5,413.2,20,0.593,1.301029996,2.616160313
NaCl,5,413.2,30,0.625,1.477121255,2.616160313
NaCl,5,413.2,40,0.713,1.602059991,2.616160313
NaCl,1,303.15,3,0.604,0.477121255,2.481657573
NaCl,1,303.15,4,0.743,0.602059991,2.481657573
NaCl,1,303.15,5,0.865,0.698970004,2.481657573
NaCl,1,303.15,6,0.966,0.77815125,2.481657573
NaCl,1,303.15,7,1.038,0.84509804,2.481657573
NaCl,1,303.15,8,1.054,0.903089987,2.481657573
NaCl,1,303.15,9,1.068,0.954242509,2.481657573
NaCl,1,303.15,10,1.083,1,2.481657573
NaCl,1,303.15,11,1.093,1.041392685,2.481657573
NaCl,1,303.15,12,1.106,1.079181246,2.481657573
NaCl,1,303.15,13,1.119,1.113943352,2.481657573
NaCl,1,303.15,15,1.138,1.176091259,2.481657573
NaCl,1,303.15,17,1.159,1.230448921,2.481657573
NaCl,1,303.15,20,1.188,1.301029996,2.481657573
NaCl,1,303.15,23,1.22,1.361727836,2.481657573
NaCl,1,303.15,26,1.243,1.414973348,2.481657573
NaCl,1,303.15,30,1.277,1.477121255,2.481657573
NaCl,1,313.15,3,0.498,0.477121255,2.495752416
NaCl,1,313.15,4,0.623,0.602059991,2.495752416
NaCl,1,313.15,5,0.722,0.698970004,2.495752416
NaCl,1,313.15,6,0.812,0.77815125,2.495752416
NaCl,1,313.15,7,0.893,0.84509804,2.495752416
NaCl,1,313.15,8,0.951,0.903089987,2.495752416
NaCl,1,313.15,9,0.978,0.954242509,2.495752416
NaCl,1,313.15,10,0.995,1,2.495752416
NaCl,1,313.15,11,1.005,1.041392685,2.495752416
NaCl,1,313.15,12,1.014,1.079181246,2.495752416
NaCl,1,313.15,13,1.031,1.113943352,2.495752416
NaCl,1,313.15,15,1.05,1.176091259,2.495752416
NaCl,1,313.15,17,1.07,1.230448921,2.495752416
NaCl,1,313.15,20,1.096,1.301029996,2.495752416
NaCl,1,313.15,23,1.122,1.361727836,2.495752416
NaCl,1,313.15,26,1.151,1.414973348,2.495752416
NaCl,1,313.15,30,1.194,1.477121255,2.495752416
NaCl,1,323.15,3,0.435,0.477121255,2.50940416
NaCl,1,323.15,4,0.537,0.602059991,2.50940416
NaCl,1,323.15,5,0.618,0.698970004,2.50940416
NaCl,1,323.15,6,0.702,0.77815125,2.50940416
NaCl,1,323.15,7,0.767,0.84509804,2.50940416
NaCl,1,323.15,8,0.832,0.903089987,2.50940416
NaCl,1,323.15,9,0.885,0.954242509,2.50940416
NaCl,1,323.15,10,0.93,1,2.50940416
NaCl,1,323.15,11,0.94,1.041392685,2.50940416
NaCl,1,323.15,12,0.953,1.079181246,2.50940416
NaCl,1,323.15,13,0.965,1.113943352,2.50940416
NaCl,1,323.15,15,0.987,1.176091259,2.50940416
NaCl,1,323.15,17,1.013,1.230448921,2.50940416
NaCl,1,323.15,20,1.038,1.301029996,2.50940416
NaCl,1,323.15,23,1.066,1.361727836,2.50940416
NaCl,1,323.15,26,1.092,1.414973348,2.50940416
NaCl,1,323.15,30,1.138,1.477121255,2.50940416
NaCl,1,333.15,3,0.376,0.477121255,2.522639818
NaCl,1,333.15,4,0.471,0.602059991,2.522639818
NaCl,1,333.15,5,0.549,0.698970004,2.522639818
NaCl,1,333.15,6,0.614,0.77815125,2.522639818
NaCl,1,333.15,7,0.683,0.84509804,2.522639818
NaCl,1,333.15,8,0.738,0.903089987,2.522639818
NaCl,1,333.15,9,0.79,0.954242509,2.522639818
NaCl,1,333.15,10,0.835,1,2.522639818
NaCl,1,333.15,11,0.876,1.041392685,2.522639818
NaCl,1,333.15,12,0.904,1.079181246,2.522639818
NaCl,1,333.15,13,0.916,1.113943352,2.522639818
NaCl,1,333.15,15,0.944,1.176091259,2.522639818
NaCl,1,333.15,17,0.97,1.230448921,2.522639818
NaCl,1,333.15,20,0.998,1.301029996,2.522639818
NaCl,1,333.15,23,1.027,1.361727836,2.522639818
NaCl,1,333.15,26,1.05,1.414973348,2.522639818
NaCl,1,333.15,30,1.096,1.477121255,2.522639818
NaCl,1,343.15,3,0.339,0.477121255,2.535484003
NaCl,1,343.15,4,0.427,0.602059991,2.535484003
NaCl,1,343.15,5,0.485,0.698970004,2.535484003
NaCl,1,343.15,6,0.559,0.77815125,2.535484003
NaCl,1,343.15,7,0.62,0.84509804,2.535484003
NaCl,1,343.15,8,0.679,0.903089987,2.535484003
NaCl,1,343.15,9,0.723,0.954242509,2.535484003
NaCl,1,343.15,10,0.761,1,2.535484003
NaCl,1,343.15,11,0.804,1.041392685,2.535484003
NaCl,1,343.15,12,0.83,1.079181246,2.535484003
NaCl,1,343.15,13,0.851,1.113943352,2.535484003
NaCl,1,343.15,15,0.894,1.176091259,2.535484003
NaCl,1,343.15,17,0.923,1.230448921,2.535484003
NaCl,1,343.15,20,0.965,1.301029996,2.535484003
NaCl,1,343.15,23,1.001,1.361727836,2.535484003
NaCl,1,343.15,26,1.029,1.414973348,2.535484003
NaCl,1,343.15,30,1.069,1.477121255,2.535484003
NaCl,1,353.15,3,0.306,0.477121255,2.547959211
NaCl,1,353.15,4,0.373,0.602059991,2.547959211
NaCl,1,353.15,5,0.44,0.698970004,2.547959211
NaCl,1,353.15,6,0.511,0.77815125,2.547959211
NaCl,1,353.15,7,0.566,0.84509804,2.547959211
NaCl,1,353.15,8,0.621,0.903089987,2.547959211
NaCl,1,353.15,9,0.677,0.954242509,2.547959211
NaCl,1,353.15,10,0.71,1,2.547959211
NaCl,1,353.15,11,0.752,1.041392685,2.547959211
NaCl,1,353.15,12,0.786,1.079181246,2.547959211
NaCl,1,353.15,13,0.81,1.113943352,2.547959211
NaCl,1,353.15,15,0.857,1.176091259,2.547959211
NaCl,1,353.15,17,0.891,1.230448921,2.547959211
NaCl,1,353.15,20,0.933,1.301029996,2.547959211
NaCl,1,353.15,23,0.968,1.361727836,2.547959211
NaCl,1,353.15,26,1.003,1.414973348,2.547959211
NaCl,1,353.15,30,1.044,1.477121255,2.547959211
NaCl,2,303.15,3,0.506,0.477121255,2.481657573
NaCl,2,303.15,4,0.622,0.602059991,2.481657573
NaCl,2,303.15,5,0.722,0.698970004,2.481657573
NaCl,2,303.15,6,0.794,0.77815125,2.481657573
NaCl,2,303.15,7,0.849,0.84509804,2.481657573
NaCl,2,303.15,8,0.865,0.903089987,2.481657573
NaCl,2,303.15,9,0.879,0.954242509,2.481657573
NaCl,2,303.15,10,0.89,1,2.481657573
NaCl,2,303.15,11,0.9,1.041392685,2.481657573
NaCl,2,303.15,12,0.909,1.079181246,2.481657573
NaCl,2,303.15,13,0.917,1.113943352,2.481657573
NaCl,2,303.15,15,0.933,1.176091259,2.481657573
NaCl,2,303.15,17,0.95,1.230448921,2.481657573
NaCl,2,303.15,20,0.971,1.301029996,2.481657573
NaCl,2,303.15,23,0.991,1.361727836,2.481657573
NaCl,2,303.15,26,1.009,1.414973348,2.481657573
NaCl,2,303.15,30,1.032,1.477121255,2.481657573
NaCl,2,313.15,3,0.422,0.477121255,2.495752416
NaCl,2,313.15,4,0.515,0.602059991,2.495752416
NaCl,2,313.15,5,0.592,0.698970004,2.495752416
NaCl,2,313.15,6,0.67,0.77815125,2.495752416
NaCl,2,313.15,7,0.736,0.84509804,2.495752416
NaCl,2,313.15,8,0.786,0.903089987,2.495752416
NaCl,2,313.15,9,0.808,0.954242509,2.495752416
NaCl,2,313.15,10,0.82,1,2.495752416
NaCl,2,313.15,11,0.83,1.041392685,2.495752416
NaCl,2,313.15,12,0.84,1.079181246,2.495752416
NaCl,2,313.15,13,0.85,1.113943352,2.495752416
NaCl,2,313.15,15,0.868,1.176091259,2.495752416
NaCl,2,313.15,17,0.886,1.230448921,2.495752416
NaCl,2,313.15,20,0.909,1.301029996,2.495752416
NaCl,2,313.15,23,0.93,1.361727836,2.495752416
NaCl,2,313.15,26,0.949,1.414973348,2.495752416
NaCl,2,313.15,30,0.972,1.477121255,2.495752416
NaCl,2,323.15,3,0.363,0.477121255,2.50940416
NaCl,2,323.15,4,0.447,0.602059991,2.50940416
NaCl,2,323.15,5,0.514,0.698970004,2.50940416
NaCl,2,323.15,6,0.585,0.77815125,2.50940416
NaCl,2,323.15,7,0.641,0.84509804,2.50940416
NaCl,2,323.15,8,0.694,0.903089987,2.50940416
NaCl,2,323.15,9,0.743,0.954242509,2.50940416
NaCl,2,323.15,10,0.772,1,2.50940416
NaCl,2,323.15,11,0.786,1.041392685,2.50940416
NaCl,2,323.15,12,0.797,1.079181246,2.50940416
NaCl,2,323.15,13,0.808,1.113943352,2.50940416
NaCl,2,323.15,15,0.826,1.176091259,2.50940416
NaCl,2,323.15,17,0.843,1.230448921,2.50940416
NaCl,2,323.15,20,0.867,1.301029996,2.50940416
NaCl,2,323.15,23,0.888,1.361727836,2.50940416
NaCl,2,323.15,26,0.908,1.414973348,2.50940416
NaCl,2,323.15,30,0.931,1.477121255,2.50940416
NaCl,2,333.15,3,0.317,0.477121255,2.522639818
NaCl,2,333.15,4,0.393,0.602059991,2.522639818
NaCl,2,333.15,5,0.455,0.698970004,2.522639818
NaCl,2,333.15,6,0.518,0.77815125,2.522639818
NaCl,2,333.15,7,0.57,0.84509804,2.522639818
NaCl,2,333.15,8,0.617,0.903089987,2.522639818
NaCl,2,333.15,9,0.658,0.954242509,2.522639818
NaCl,2,333.15,10,0.696,1,2.522639818
NaCl,2,333.15,11,0.73,1.041392685,2.522639818
NaCl,2,333.15,12,0.757,1.079181246,2.522639818
NaCl,2,333.15,13,0.769,1.113943352,2.522639818
NaCl,2,333.15,15,0.789,1.176091259,2.522639818
NaCl,2,333.15,17,0.807,1.230448921,2.522639818
NaCl,2,333.15,20,0.836,1.301029996,2.522639818
NaCl,2,333.15,23,0.858,1.361727836,2.522639818
NaCl,2,333.15,26,0.883,1.414973348,2.522639818
NaCl,2,333.15,30,0.905,1.477121255,2.522639818
NaCl,2,343.15,3,0.283,0.477121255,2.535484003
NaCl,2,343.15,4,0.347,0.602059991,2.535484003
NaCl,2,343.15,5,0.407,0.698970004,2.535484003
NaCl,2,343.15,6,0.466,0.77815125,2.535484003
NaCl,2,343.15,7,0.513,0.84509804,2.535484003
NaCl,2,343.15,8,0.558,0.903089987,2.535484003
NaCl,2,343.15,9,0.603,0.954242509,2.535484003
NaCl,2,343.15,10,0.641,1,2.535484003
NaCl,2,343.15,11,0.67,1.041392685,2.535484003
NaCl,2,343.15,12,0.697,1.079181246,2.535484003
NaCl,2,343.15,13,0.719,1.113943352,2.535484003
NaCl,2,343.15,15,0.751,1.176091259,2.535484003
NaCl,2,343.15,17,0.774,1.230448921,2.535484003
NaCl,2,343.15,20,0.807,1.301029996,2.535484003
NaCl,2,343.15,23,0.837,1.361727836,2.535484003
NaCl,2,343.15,26,0.862,1.414973348,2.535484003
NaCl,2,343.15,30,0.885,1.477121255,2.535484003
NaCl,3,353.15,3,0.255,0.477121255,2.547959211
NaCl,3,353.15,4,0.315,0.602059991,2.547959211
NaCl,3,353.15,5,0.372,0.698970004,2.547959211
NaCl,3,353.15,6,0.425,0.77815125,2.547959211
NaCl,3,353.15,7,0.472,0.84509804,2.547959211
NaCl,3,353.15,8,0.518,0.903089987,2.547959211
NaCl,3,353.15,9,0.562,0.954242509,2.547959211
NaCl,3,353.15,10,0.596,1,2.547959211
NaCl,3,353.15,11,0.627,1.041392685,2.547959211
NaCl,3,353.15,12,0.657,1.079181246,2.547959211
NaCl,3,353.15,13,0.678,1.113943352,2.547959211
NaCl,3,353.15,15,0.715,1.176091259,2.547959211
NaCl,3,353.15,17,0.747,1.230448921,2.547959211
NaCl,3,353.15,20,0.787,1.301029996,2.547959211
NaCl,3,353.15,23,0.819,1.361727836,2.547959211
NaCl,3,353.15,26,0.845,1.414973348,2.547959211
NaCl,3,353.15,30,0.868,1.477121255,2.547959211
NaCl,3,303.15,3,0.426,0.477121255,2.481657573
NaCl,3,303.15,4,0.53,0.602059991,2.481657573
NaCl,3,303.15,5,0.61,0.698970004,2.481657573
NaCl,3,303.15,6,0.678,0.77815125,2.481657573
NaCl,3,303.15,7,0.72,0.84509804,2.481657573
NaCl,3,303.15,8,0.735,0.903089987,2.481657573
NaCl,3,303.15,9,0.747,0.954242509,2.481657573
NaCl,3,303.15,10,0.757,1,2.481657573
NaCl,3,303.15,11,0.764,1.041392685,2.481657573
NaCl,3,303.15,12,0.773,1.079181246,2.481657573
NaCl,3,303.15,13,0.784,1.113943352,2.481657573
NaCl,3,303.15,15,0.798,1.176091259,2.481657573
NaCl,3,303.15,17,0.807,1.230448921,2.481657573
NaCl,3,303.15,20,0.831,1.301029996,2.481657573
NaCl,3,303.15,23,0.848,1.361727836,2.481657573
NaCl,3,303.15,26,0.867,1.414973348,2.481657573
NaCl,3,303.15,30,0.891,1.477121255,2.481657573
NaCl,3,313.15,3,0.366,0.477121255,2.495752416
NaCl,3,313.15,4,0.444,0.602059991,2.495752416
NaCl,3,313.15,5,0.52,0.698970004,2.495752416
NaCl,3,313.15,6,0.585,0.77815125,2.495752416
NaCl,3,313.15,7,0.632,0.84509804,2.495752416
NaCl,3,313.15,8,0.673,0.903089987,2.495752416
NaCl,3,313.15,9,0.69,0.954242509,2.495752416
NaCl,3,313.15,10,0.703,1,2.495752416
NaCl,3,313.15,11,0.713,1.041392685,2.495752416
NaCl,3,313.15,12,0.723,1.079181246,2.495752416
NaCl,3,313.15,13,0.731,1.113943352,2.495752416
NaCl,3,313.15,15,0.745,1.176091259,2.495752416
NaCl,3,313.15,17,0.76,1.230448921,2.495752416
NaCl,3,313.15,20,0.779,1.301029996,2.495752416
NaCl,3,313.15,23,0.8,1.361727836,2.495752416
NaCl,3,313.15,26,0.82,1.414973348,2.495752416
NaCl,3,313.15,30,0.842,1.477121255,2.495752416
NaCl,3,323.15,3,0.32,0.477121255,2.50940416
NaCl,3,323.15,4,0.391,0.602059991,2.50940416
NaCl,3,323.15,5,0.454,0.698970004,2.50940416
NaCl,3,323.15,6,0.507,0.77815125,2.50940416
NaCl,3,323.15,7,0.556,0.84509804,2.50940416
NaCl,3,323.15,8,0.596,0.903089987,2.50940416
NaCl,3,323.15,9,0.631,0.954242509,2.50940416
NaCl,3,323.15,10,0.66,1,2.50940416
NaCl,3,323.15,11,0.671,1.041392685,2.50940416
NaCl,3,323.15,12,0.683,1.079181246,2.50940416
NaCl,3,323.15,13,0.692,1.113943352,2.50940416
NaCl,3,323.15,15,0.71,1.176091259,2.50940416
NaCl,3,323.15,17,0.723,1.230448921,2.50940416
NaCl,3,323.15,20,0.744,1.301029996,2.50940416
NaCl,3,323.15,23,0.766,1.361727836,2.50940416
NaCl,3,323.15,26,0.782,1.414973348,2.50940416
NaCl,3,323.15,30,0.806,1.477121255,2.50940416
NaCl,3,333.15,3,0.275,0.477121255,2.522639818
NaCl,3,333.15,4,0.335,0.602059991,2.522639818
NaCl,3,333.15,5,0.396,0.698970004,2.522639818
NaCl,3,333.15,6,0.448,0.77815125,2.522639818
NaCl,3,333.15,7,0.493,0.84509804,2.522639818
NaCl,3,333.15,8,0.534,0.903089987,2.522639818
NaCl,3,333.15,9,0.572,0.954242509,2.522639818
NaCl,3,333.15,10,0.601,1,2.522639818
NaCl,3,333.15,11,0.627,1.041392685,2.522639818
NaCl,3,333.15,12,0.652,1.079181246,2.522639818
NaCl,3,333.15,13,0.663,1.113943352,2.522639818
NaCl,3,333.15,15,0.685,1.176091259,2.522639818
NaCl,3,333.15,17,0.698,1.230448921,2.522639818
NaCl,3,333.15,20,0.717,1.301029996,2.522639818
NaCl,3,333.15,23,0.739,1.361727836,2.522639818
NaCl,3,333.15,26,0.756,1.414973348,2.522639818
NaCl,3,333.15,30,0.782,1.477121255,2.522639818
NaCl,3,343.15,3,0.244,0.477121255,2.535484003
NaCl,3,343.15,4,0.305,0.602059991,2.535484003
NaCl,3,343.15,5,0.356,0.698970004,2.535484003
NaCl,3,343.15,6,0.406,0.77815125,2.535484003
NaCl,3,343.15,7,0.449,0.84509804,2.535484003
NaCl,3,343.15,8,0.487,0.903089987,2.535484003
NaCl,3,343.15,9,0.524,0.954242509,2.535484003
NaCl,3,343.15,10,0.556,1,2.535484003
NaCl,3,343.15,11,0.581,1.041392685,2.535484003
NaCl,3,343.15,12,0.606,1.079181246,2.535484003
NaCl,3,343.15,13,0.62,1.113943352,2.535484003
NaCl,3,343.15,15,0.652,1.176091259,2.535484003
NaCl,3,343.15,17,0.671,1.230448921,2.535484003
NaCl,3,343.15,20,0.701,1.301029996,2.535484003
NaCl,3,343.15,23,0.724,1.361727836,2.535484003
NaCl,3,343.15,26,0.744,1.414973348,2.535484003
NaCl,3,343.15,30,0.767,1.477121255,2.535484003
NaCl,3,353.15,3,0.214,0.477121255,2.547959211
NaCl,3,353.15,4,0.28,0.602059991,2.547959211
NaCl,3,353.15,5,0.325,0.698970004,2.547959211
NaCl,3,353.15,6,0.375,0.77815125,2.547959211
NaCl,3,353.15,7,0.419,0.84509804,2.547959211
NaCl,3,353.15,8,0.456,0.903089987,2.547959211
NaCl,3,353.15,9,0.492,0.954242509,2.547959211
NaCl,3,353.15,10,0.522,1,2.547959211
NaCl,3,353.15,11,0.548,1.041392685,2.547959211
NaCl,3,353.15,12,0.572,1.079181246,2.547959211
NaCl,3,353.15,13,0.593,1.113943352,2.547959211
NaCl,3,353.15,15,0.62,1.176091259,2.547959211
NaCl,3,353.15,17,0.648,1.230448921,2.547959211
NaCl,3,353.15,20,0.68,1.301029996,2.547959211
NaCl,3,353.15,23,0.706,1.361727836,2.547959211
NaCl,3,353.15,26,0.727,1.414973348,2.547959211
NaCl,3,353.15,30,0.755,1.477121255,2.547959211